T,TM,Tm,SLP,H,VV,V,VM,PM2.5
9.1,15.3,4,1015.6,90,0.5,0,,284.7958333
7.4,9.8,4.8,1017.6,93,0.5,4.3,9.4,219.7208333
7.8,12.7,4.4,1018.5,87,0.6,4.4,11.1,182.1875
6.7,13.4,2.4,1019.4,82,0.6,4.8,11.1,154.0375
8.6,15.5,3.3,1018.7,72,0.8,8.1,20.6,223.2083333
12.4,20.9,4.4,1017.3,61,1.3,8.7,22.2,200.6458333
16,25.2,10,1013.2,79,0.6,4.8,11.1,285.225
13.4,21,9.2,1015.1,87,0.5,1.5,7.6,236.825
14.3,22.6,6.6,1016.3,76,0.8,0.4,3.5,276.9083333
12.7,18.9,7.3,1021.2,76,1.8,6.1,16.5,108
11.9,18.9,6.3,1020.1,76,1.1,8.3,20.6,107.625
12.2,19.9,6.2,1021,69,2.1,4.4,18.3,125.8916667
13.4,21.1,5.6,1020,60,1.9,8,22.2,181.0125
12.3,21.4,6.4,1019.6,70,1.9,6.7,14.8,152.5541667
13.7,22,7,1018.2,63,1.8,7.2,18.3,152.3208333
12.1,19.7,6.2,1017.8,75.1,1.1,4.6,16.1,251.8291667
14.9,21.9,7.1,1018.3,73,0.6,2,7.6,319.7375
15,24,7.6,1017.4,81,0.6,2.2,7.6,332.7083333
16.3,24,12,1017.2,80,0.8,1.3,9.4,279.6
18.7,26.3,9.5,1015.3,64,1.6,1.7,7.6,179.1166667
14.6,21.6,9.4,1018.4,72,2.7,9.4,18.3,54.79166667
14.7,21.7,8.4,1017.1,71,1.8,10.9,22.2,93.375
14.8,22.6,8.5,1016.8,67,2.1,9.3,18.3,103
17.4,25.4,10.3,1015.8,63,1.9,6.7,14.8,132.2083333
18.1,26.7,10.2,1013.8,61,2.6,5,11.1,127.7083333
18.3,23.2,12.7,1011.2,75,1.9,10,22.2,109.3333333
16.4,22,11.2,1015.5,81,1.6,5.9,18.3,56.45833333
16.9,23.5,10.1,1016.8,80,1.3,5.2,22.2,135.8333333
19.3,26.9,12.1,1015.6,74,1.6,5.9,11.1,122.5
17.2,24.2,10.8,1018.3,74,2.6,4.6,14.8,69.66666667
17.7,26.5,9.8,1015.3,73,1.4,4.8,14.8,79.83333333
20.4,28.4,15.2,1014.7,62,2.4,5,14.8,62.70833333
16.8,23.4,11,1015.9,75,1.8,6.9,16.3,81.04166667
18.2,26.1,12.2,1016.3,54,1.9,24.4,33.5,21.20833333
19,26.8,11.7,1016.3,58,2.6,16.7,29.4,1.916666667
18.7,27.8,13.3,1016.2,69,2.4,7.4,25.9,1.833333333
22.6,30.6,15.7,1015.4,62,2.6,8.1,20.6,105.8333333
22.5,31.8,13.7,1014.6,57,2.3,5.9,14.8,117.5833333
24,33.8,13.6,1009.7,53,1.9,4.6,18.3,122.7083333
23.8,33,14.9,1010.4,64,1.9,3.9,11.1,111.9583333
22.6,33,18.1,1013.1,67,2.1,11.3,22.2,59.20833333
23,30,14.4,1016.1,55,2.7,6.7,14.8,77.20833333
24.6,31.7,17.9,1008.5,68,2.3,14.1,27.8,98.70833333
27.1,34.8,17.7,1009.7,52,1.6,6.1,11.1,123.7083333
26.1,34.8,17.9,1008.8,54,2.6,11.9,18.3,64.79166667
23.6,34.3,17.7,1010.4,51,2.6,15.9,22.2,52.33333333
23.2,29.6,16.7,1008.6,54,1.9,13.1,22.2,52.04166667
23.8,30.9,16.7,1009,52,1.6,6.5,13,128.3333333
23.2,31.6,15.9,1011.7,59.7,2.1,9.1,18.8,127.7613589
24.7,31.5,17,1008.6,57,2.1,7.6,14.8,127.7613589
25.6,33.8,17.9,1008.7,47,2.1,4.4,13,23.20833333
25.7,36,17.8,1009,50,1.8,9.3,14.8,15.16666667
25.1,36,18.3,1009.5,56,2.7,9.1,18.3,21.25
29.5,37,18.5,1005.2,30,1.9,10.6,22.2,81.83333333
29.2,37.5,20,1006.1,38,2.6,5.9,14.8,105.3333333
31.1,37.8,21.7,1005.6,34,1.8,8.1,27.8,117.75
29.8,36.6,21.4,1007.8,37,1.9,8.1,18.3,84.5
28.2,36.6,21.9,1007.1,45,1.9,6.5,16.5,46.91666667
28.3,36.4,20.1,1004,47,1.9,6.3,14.8,104.625
29.3,37.9,20.3,1002.9,35,2.3,4.4,11.1,110.875
30.5,38.6,20.7,1003.4,36,1.9,7.6,14.8,42.95833333
28,38.6,23.8,1007.3,48,2.3,15.6,25.9,127.7613589
31.1,38.5,23.2,1007.7,45,1.9,3.7,7.6,120.875
29.9,38.5,24.3,1008.3,53,1.9,6.7,22.2,79.91666667
31.4,37.8,22,1006.9,38,2.3,13.7,22.2,127.7613589
29,36.9,21.2,1006.3,40.4,2.2,8.3,18,38.5
31.4,39.2,22.8,1002.9,24,1.9,11.5,25.9,94.75
29.9,38.8,21.7,1000.8,29,1.9,12,24.1,142.5
29.7,38.3,21.6,999.3,35,1.9,10.2,22.2,133.375
32.8,40.8,25.3,1002,36,1.8,7.2,24.1,147.8333333
34.1,42,23.7,1001.4,29,1.9,9.3,18.3,158.2916667
34.1,42,26.8,1000.8,32,1.9,7.8,14.8,149.5833333
30.9,37.6,23.2,1003.7,44,1.9,3.5,11.1,101.5
32.9,39.8,24.7,1001,38,1.9,5.6,13,106.5
30.6,37.4,24.8,1000.8,47,1.9,2.2,7.6,128.125
36.2,44.6,25.9,999.2,29,1.9,15,27.8,101.9583333
36.2,44.6,29.2,999.1,32,1.9,10.6,18.3,98.41666667
36.8,45.1,28,999.1,26,1.9,12,25.9,94.375
37.7,45,30.5,998.1,32,1.9,10,22.2,107.625
36.2,43.6,29.3,998.4,32,2.3,8.1,20.6,110.4166667
35.6,42.6,30.2,999.3,41,1.9,8.1,20.6,95.83333333
33.8,41.9,26.1,999.9,35.5,1.9,9,20.4,76.95833333
33.6,40.6,24.8,998.8,47,1.9,10.6,18.3,72.25
31.9,40.6,26.7,1002,61,1.9,13.5,20.6,38.66666667
32.4,38.5,26.6,1001,63,2.3,13.3,22.2,45.375
34.1,40.3,28.8,999.7,59,1.9,10.9,16.5,65.16666667
34.1,43.2,25.7,997.9,57,1.9,7.4,14.8,66.08333333
34.2,39.8,29.1,996.7,64,1.9,13.7,18.3,77.66666667
35.1,40.2,30.2,995.2,52,1.9,8.5,14.8,70.25
30.3,39.2,28.8,998.6,75,1.9,10.2,22.2,56.29166667
30.4,38.6,27.8,997.7,73,1.9,8,22.2,77
29.8,38.6,24.6,997.9,71,2.3,12.6,16.5,32.95833333
29.7,35.5,24.8,999,76,1.9,4.3,14.8,80.625
33,38.4,25.3,997.6,58,1.8,4.8,13,90.70833333
35.6,41,27.3,995.5,49,1.9,7.4,18.3,97.29166667
31,39.4,27.8,999.2,74,1.9,11.5,18.3,50.70833333
31.2,35.7,27.2,998.4,75,1.9,6.3,14.8,40.375
31.2,37.1,27.6,996.8,71,1.9,8.1,20.6,49.41666667
32.5,39,27.3,997.5,64.7,1.9,9.3,17.8,49.58333333
33.9,39.2,27.8,995.2,62,1.9,8.9,14.8,61.875
32.8,37.6,28.4,995.8,67,1.9,9.3,18.3,127.7613589
31.6,37.6,26.9,997.5,76,1.9,6.5,11.1,29.66666667
31.1,35,27.9,1000.1,81,1.9,7.2,11.1,49.125
30.3,35.8,27.2,997.5,78,1.9,7.6,14.8,43.66666667
29.2,35.4,24.6,996.4,81,1.8,7.4,14.8,29.83333333
31.8,36.7,25.8,998.8,75,1.9,8.3,14.8,35.20833333
31.1,37.2,28.2,997.5,76,1.9,3.9,11.1,37.625
31.7,37.2,26.8,998.3,78,1.9,7.8,11.1,41.45833333
30.9,35.4,25.8,995,77,1.9,10.4,18.3,38.58333333
26.8,35.4,24.2,999,93,1.1,6.3,14.8,36
29.1,33.8,23.9,996.3,86,1.4,2.6,55.4,70.58333333
28.5,34.4,26.3,995.5,87,1.6,7,14.8,33.16666667
30.4,35.1,24.8,995.2,77,1.9,5.2,14.8,38.25
30,35.5,26.2,997.5,83,1.9,3.7,11.1,26.58333333
30.6,35.9,26.6,997.3,79.2,1.8,6.9,15.3,35.375
29,33.7,26.9,996.5,82,1.9,9.8,14.8,15.41666667
31.1,34.9,25.9,998.2,76,1.9,6.7,11.1,41.375
31.8,36,27.5,999.6,71,1.9,11.7,18.3,25.54166667
32.2,36.1,27.4,1000.8,69,1.9,9.3,14.8,28.375
28.4,30.6,25.3,1001.8,88,1.4,3.1,7.6,50.33333333
28.1,30.8,25.8,1000.6,88,1.9,8,18.3,35.375
27.4,30.8,25.4,1000.8,90,1.9,3.1,9.4,31.91666667
30.1,34.6,27.2,1000,79,1.9,10.2,18.3,35.29166667
29.7,34.9,26.1,1000.3,79,1.9,8.3,18.3,26.83333333
27.7,30.7,24.8,1001.8,88,1.9,7.2,14.8,21.125
28.4,33.1,26,1000,86,1.9,5,18.3,35.70833333
27.4,33.5,24.4,999.1,90,1.1,5.4,18.3,43.58333333
29.2,34.4,24.8,999,81,2.1,7.8,29.4,46.04166667
30.4,36.5,27.8,999.3,82,1.4,2,7.6,82.875
32.1,36.7,26.8,998.1,74,1.9,6.5,14.8,64.91666667
32,35.5,27.6,999.8,65,2.6,16.9,29.4,30.66666667
29.6,34.1,25.9,1000.7,80.4,1.8,6.8,17.9,45.25
29.1,34.2,25.9,1003.4,76,1.9,5.6,9.4,34.41666667
30.2,35.6,25.6,1003.6,68,3.1,14.8,22.2,33.16666667
31.7,35.9,27,1003.6,59,2.6,14.4,22.2,30.625
31.6,36.3,25.9,1002.7,58,2.7,15.4,25.9,30.33333333
30.9,35.6,25,1004.8,58,2.3,6.9,14.8,127.7613589
29.6,34.2,25.8,1007.3,67,1.9,6.3,14.8,127.7613589
29.3,35,24.1,1007.6,70,1.9,4.3,11.1,127.7613589
30.6,36,25.8,1007.2,74,1.6,2.8,7.6,76.875
31.2,36.4,25.8,1004.4,69,1.9,2,7.6,83.45833333
31.6,36.8,25.9,1001.5,63,2.4,3.9,11.1,71.66666667
29.9,36.2,23.4,1002.5,66,1.9,1.9,7.6,69.70833333
28.7,34.1,25.2,1002.9,76,1.9,9.6,51.9,62.375
26.3,34.1,24,1003.4,87,1.9,6.1,11.1,24.875
28.6,35.6,25.3,1005.4,79,2.6,5.7,13,43.95833333
28.6,34.5,24,1006.7,81,1.9,3.9,9.4,41.5
29,34.2,24.3,1005.8,76,1.9,7.4,20.6,38.79166667
29.9,35.1,25,1004.1,69.3,2.2,6.8,15.6,34.45833333
29.1,34,23.8,1007.8,72,1.9,6.5,13,30.33333333
28.9,34.9,25.6,1009.5,68,2.6,7.6,13,26.66666667
27.9,33.7,23.2,1008.4,67,2.6,10,14.8,29
29.4,34.5,24.3,1009.1,73,1.8,1.3,3.5,61.70833333
30.1,34.5,24.8,1010,72,1.8,1.5,7.6,60.54166667
30.1,35.6,24.8,1010.5,72,2.1,4.6,11.1,41.58333333
27.4,33.1,22.8,1008,85,1.6,0.4,3.5,80.04166667
27.5,32.5,23,1007.1,80,1.8,6.1,18.3,82.83333333
26.6,32.6,21.1,1008.8,76,1.6,3.3,11.1,95.25
25.6,33.2,19.5,1011.5,67,1.4,3.7,14.8,126.1666667
25,32.8,17.6,1010.8,69,1.4,1.1,5.4,136.7083333
24.8,32.3,17.3,1009.7,68,1.4,1.5,7.6,160.6666667
24.1,30,17.5,1011.2,74,1,1.5,9.4,245.6666667
24.3,31.4,18.5,1011.2,72,1.1,0.4,3.5,261.6666667
23,31,18,1010.6,71,0.8,2.6,9.4,272.4166667
26.3,33,20.5,1009.9,73.2,1.6,3,9.5,207.3333333
24.1,30.1,16.7,1014,62,1.4,3.3,11.1,149.625
23.8,30.5,18.4,1013.5,71,1.6,1.3,3.5,99.70833333
22.4,28.6,16.3,1014.6,67,1,5.4,11.1,217.375
20.9,28.1,13.6,1016,59,0.8,6.3,18.3,309.375
20.1,27.1,14,1015.5,78,0.6,3.9,11.1,321.5416667
18.9,27.1,14.5,1015.2,80,0.6,1.3,7.6,278
19.1,25.6,12.4,1016.6,79,0.8,0.4,3.5,192.3333333
17.8,26.2,11,1014.3,68,1,3,11.1,224.1666667
17.6,25.6,11.2,1015.2,68,1.1,3.5,14.8,196.75
17,26.6,10,1016.5,70,1.1,0.9,7.6,221.5416667
17.8,26.9,11.4,1015.4,67,1.4,7.2,20.6,166.7083333
18.2,28.1,10.4,1012.6,61,1.8,2.6,11.1,130.7083333
18,28.5,10.2,1013.2,68,1.1,2,11.1,194.7083333
21.1,28.8,13.8,1012.8,57,1.6,9.4,22.2,134.4583333
21.3,28.8,15,1011.9,58,1.9,9.6,16.5,110
19,28.8,12.5,1014.7,72,1.6,2.8,9.4,160
18.8,27.5,12.2,1015.4,69.8,1.1,3.5,11.8,130.9166667
18.1,28,10,1016.1,66,1.4,1.7,7.6,118.9166667
17.2,28.4,9.8,1015.8,73,1.1,1.9,11.1,176.375
17.4,28.4,9.2,1016.6,74,1.1,1.5,11.1,185.9583333
16,26.1,9.1,1014.4,81,1,1.1,5.4,239.125
16.6,26.2,9.6,1013.9,85,0.6,0,,365.2916667
16.2,25.3,9.5,1013.4,81,0.8,2.2,14.8,312.2083333
16.5,24.5,10.8,1012.2,74,1.6,10.2,22.2,121.3333333
15.4,24.9,8.2,1012.8,82,1,0.7,3.5,202.875
15.5,24.9,9.4,1015.1,88,0.6,2.6,7.6,260.1666667
16.3,22.4,10.8,1012.8,91,0.6,3.1,11.1,277.7083333
15.4,19.7,11.6,1016,93,0.6,4.4,9.4,284.1666667
14.6,15.9,12.5,1016.9,95,0.5,0.4,3.5,288.4166667
13.6,20.4,7.5,1020.7,67,1.1,10.2,40.7,166.9166667
12.3,20.6,6.2,1019.4,71,1.3,4.4,18.3,169
11.9,17.1,6.5,1018.6,84,1.1,1.1,5.4,186.0416667
15.1,22.9,9.1,1016.2,81.5,1,4.2,13.1,140.4583333
14.3,19.2,10.9,1020.5,91,1.6,4.8,11.1,108.0833333
13.2,18.2,9.2,1021,92,0.8,7.6,11.1,255.875
11.1,18.3,5,1020.2,80,1.1,8,14.8,217.0833333
12.7,19.8,5.2,1017.9,78,1.3,5.4,14.8,229.1666667
12.2,19.7,6.1,1018,74,1,3.9,,298.4583333
11.9,20.7,4.4,1017.9,78,0.8,1.9,7.6,264.9166667
11.7,20.7,6.5,1017.3,89,0.3,0.9,7.6,404.5
13.9,21.6,7,1019.6,74,0.8,1.1,9.4,188.5
14.9,22.1,8.9,1017.2,78,1,2.8,7.6,164.75
12,22.1,9.6,1019.7,95,0.3,0.4,3.5,376.9166667
14.5,21,8.6,1023.2,88,1.3,3.5,7.6,127.7613589
14.6,22.3,9,1021.2,86,1,4.4,9.4,127.7613589
13.4,22.3,11.5,1020.6,98,1.4,6.9,13,57
11.7,18.2,9.4,1019.9,96,0.5,8.3,11.1,202.9166667
14.3,20.3,9.9,1019.1,88,0.6,8.9,14.8,205.125
16.6,24,10.1,1018.8,75,1.3,10,14.8,214.125
13.4,20.2,8.5,1018.9,86.6,0.8,4.3,10.1,323.875
14.8,21.1,10,1019.3,86,0.5,3,11.1,315.7916667
13.9,21.1,10.8,1019.8,83,0.8,2.6,7.6,322.25
15.3,24.4,6.8,1016.9,79,0.6,1.9,7.6,246.0416667
18.6,27.8,8.9,1014.4,65,1.3,5.6,57.6,200.9166667
19.7,26.4,15.1,1009.3,72,1.6,15,29.4,99.5
13.8,26.4,9.6,1011.3,88,1,8.1,14.8,143.9166667
12.7,19.5,7,1012,66,1.4,9.3,25.9,100.25
15.3,22.6,5.6,1013.6,67,1.6,4.8,11.1,165
13.1,22.6,11,1011.8,97,1.1,5.4,11.1,116.4583333
12.6,17.7,9.2,1012.6,91,0.6,3.9,7.6,143
15.1,23.3,7.1,1016.7,77,0.8,1.9,7.6,231.125
16.1,24.5,8.2,1014.8,80,0.6,1.9,9.4,218.6666667
17.2,24.6,9,1014.2,75,1.4,8.9,14.8,211
17.9,25.2,10.3,1017.4,70,1.1,0.9,7.6,52.20833333
18.9,26.2,12.5,1014.4,72,1.3,2.4,9.4,187.5
18.6,25.3,13,1013.3,80,1.1,7.2,22.2,130.1666667
15.8,23.5,9.6,1014.5,75.7,1.2,5.9,18.6,68.91666667
16.3,21.3,12,1015.1,90,1.1,4.3,13,123.125
16.1,21.8,10,1017.1,82,1.3,5.7,11.1,120.9166667
17.8,25.7,10.5,1016.3,67,2.1,3.7,11.1,153.625
18.4,25.9,11,1017,65,2.3,6.7,14.8,130.3333333
19.8,27.1,12.8,1017.2,66,2.6,9.8,24.1,110.7083333
22.3,29,14,1014.6,61,2.3,5,13,138.5
18.9,27.1,12.8,1016.1,65,2.6,9.8,18.3,75.75
19.7,27.6,12,1015.2,66,1.9,5.7,13,146.5416667
21.4,29.7,12.6,1016.4,65,1.4,2.8,9.4,116.625
21.7,28.4,16.2,1013.1,61,2.3,10.2,22.2,80.04166667
21.5,29.2,15,1010.8,59,2.6,7.4,18.3,100.0416667
22.4,32.5,14.5,1007.2,68,2.1,5.4,11.1,109.4583333
24.6,32.7,16.5,1010.6,64,1.8,2.8,11.1,110.1666667
25.2,32.7,19.1,1010.7,64,1.9,2.8,11.1,108.2083333
23.4,29.1,19.6,1011.7,69,1.9,4.8,9.4,103.8333333
21.6,28.8,15.2,1013.3,66.1,1.9,7,15.3,60.41666667
24.2,30.8,17,1008.2,48,1.9,13.1,22.2,74.29166667
24.9,33.2,16.8,1006.2,49,2.6,9.6,25.9,101.7916667
26.8,35.2,17.7,1005.7,50,1.9,7.2,14.8,106.1666667
25.1,35.2,18,1010.4,53,2.1,10.4,25.9,89.875
27.2,38,21,1009.7,55,1.9,13,18.3,48.20833333
25.8,32.2,19.5,1010.3,49,2.6,12.6,18.3,47.04166667
25.7,32.8,17.5,1010.3,41,2.6,12.8,25.9,67.79166667
27,37.2,22.6,1009.8,49,1.9,15.6,27.8,56.66666667
27.7,34.5,21.5,1010.6,55,1.9,5.2,13,79
29.1,36.5,20.5,1009.2,53,1.8,2.6,11.1,123.5833333
25.6,32.3,20,1011.4,64,1.9,5,14.8,80.29166667
26.8,33.6,19.2,1010.5,53,1.6,4.6,11.1,137.875
28.1,35.8,18.6,1010,40,1.9,8.7,16.5,87.875
30.5,38.8,20.6,1006,41,2.4,8.1,22.2,121.2083333
31.5,38.8,22.1,1006.2,39,2.4,8.1,16.5,97.04166667
30.6,38.7,21.5,1007,36,1.9,8.3,18.3,92.08333333
28.1,35.9,19.9,1008.4,46.7,2.2,8.7,19.6,121.4583333
34.8,42.8,24.2,1001.7,30,2.3,9.6,18.3,130.625
34.5,41.7,26.2,1001.8,33,1.9,6.5,11.1,90.5
31.8,41.7,26.2,1003.7,43,1.9,7.4,18.3,55.41666667
31.8,38.6,24.2,1004.3,54,1.9,1.9,7.6,108.3333333
32.2,39.5,25.2,1002.1,45,1.6,9.3,16.5,198.875
30.7,39.5,21.4,1000.5,43,1.6,6.5,14.8,120.7083333
25.2,30.6,18,1008.2,71,2.6,10,20.6,60.54166667
26.9,32.1,19,1006.6,62,1.8,8.5,18.3,79
29.7,35.4,23,1004.1,48,1.8,11.1,16.5,133.7083333
32.3,39.1,24,1006.6,36,2.3,11.7,24.1,53.25
31.9,38.8,26.5,1006,39,2.3,8.7,22.2,65.16666667
32.8,38.6,24.8,1002.3,40,1.9,9.6,18.3,83.58333333
32.4,40.6,23.2,1005.2,45,2.7,8.9,14.8,40.66666667
30,36.4,21.4,1007.2,60,2.6,4.1,14.8,48.125
31.8,38.8,24,1004.8,54,1.9,2.6,7.6,103.1666667
31.6,39,24.2,1003.6,47.3,2.4,8.3,17.5,143.0416667
34.6,42.8,25,999.6,46,1.8,6.3,18.3,143.375
32.9,41.6,25.6,1003,44,2.9,17.4,55.4,44.79166667
32.8,39.9,25,1003.3,48,2.6,4.6,14.8,71.95833333
34.8,41.7,26.5,1000,40,2.6,6.5,14.8,17.5
38.5,44.9,30.8,994,31,1.9,13.1,29.4,101
37.8,45.1,28.6,993.3,34,1.9,6.7,18.3,76.20833333
37.9,45.5,30.1,993.1,38,1.9,5.9,16.5,84.33333333
30.3,41.1,22.7,997.7,62,2.6,16.7,29.4,48.83333333
30.5,37.1,25.5,997.3,73,2.6,6.5,22.2,64.45833333
33.9,40.6,28,997,59,2.1,8.1,25.9,80.54166667
35.6,41.4,28.4,993.2,55,1.9,10.9,18.3,65.41666667
37.9,43,31,991.5,44,2.3,17.8,25.9,54.66666667
36.9,41.7,32.7,994,49,1.9,9.8,24.1,78.54166667
33.3,39,25.3,997.7,56,1.9,9.8,16.5,49.125
32.4,38.1,23.5,1000.8,66,1.9,3.3,7.6,65.875
34.7,39.9,28.8,1001.5,55,1.9,9.4,22.2,72.41666667
34.9,41.8,28,996.7,49.6,2.2,10,22.2,107.1666667
31.2,35.2,27,1000.9,71,1.9,6.3,11.1,184.6666667
29.5,36.6,25.5,1000.9,76,1.8,5.7,14.8,113.3333333
28.9,36.6,26.1,998.4,80,1.9,5.2,14.8,146.2083333
34,38.8,26.8,998.1,55,1.9,5.6,14.8,112.2916667
34.9,40.3,28.6,996.8,48,1.9,9.6,25.9,60.625
35.9,40.5,29.6,996.3,46,1.9,13.7,27.8,71
33.3,42.3,29.2,997.8,69,1.9,5.2,9.4,153.4166667
32.4,40.2,25.9,997.2,74,1.9,6.7,14.8,134.9583333
33.2,39,28.5,996.2,68,1.9,8.9,11.1,81.125
29.8,33.6,25.4,995.1,76,1.9,6.3,18.3,52.25
30.8,34.6,26.5,996.6,74,1.9,6.3,14.8,160.375
32.1,35.8,27.2,996.1,71,1.9,4.6,9.4,99.375
30.7,33.9,26.5,1000.8,70,1.9,10,14.8,31.45833333
32.5,37.5,27.6,1001.9,67,1.9,7.2,18.3,47.375
31.7,37.5,28.1,1002.1,71,1.9,2.4,33.5,38.16666667
32.1,37.6,27.6,998.1,68.1,1.9,6.8,17,43.45833333
32.5,36.5,28.2,999.9,71,1.9,7.8,16.5,35.95833333
33.3,37.7,28.1,998,66,1.9,6.5,9.4,25.08333333
30.3,35.3,28.4,996.9,81,1.9,0.9,7.6,45.83333333
31.4,36.6,27,995.3,72,1.9,5.7,13,33.70833333
31,34,29,996.8,71,1.9,5.6,16.5,26.41666667
30.9,35,27.6,998.4,73,1.9,5.9,14.8,30.66666667
30.9,35.4,27,1000.3,75,1.9,4.8,16.5,29.95833333
32,36.6,27,998.1,63,2.3,20.7,27.8,23.875
30.5,36.2,25.4,997.3,65,2.3,18.5,29.4,22.33333333
31.2,35.7,27.6,999,62,1.9,14.6,27.8,25.08333333
33,37,27,1004.8,59,1.9,6.9,16.5,66.79166667
33.3,38.4,28,1002.5,54,1.9,8.9,18.3,64.875
32.6,38.4,28,1001.3,51,1.9,10.9,27.8,47.58333333
33.7,39.1,27.5,1002.6,53,2.7,7.8,16.5,33.5
34.1,39.4,29,1001.5,49,3.1,10,18.3,43.04166667
34.1,39.4,27.5,1001.1,53,2.9,8,20.6,38.41666667
31.5,36.6,27.2,1000.4,66.7,2.1,7.5,17.5,60
27.5,34.8,25,1001,89,1.9,4.3,16.5,49.29166667
29.5,35.3,24.6,1001.1,71,2.3,10.9,48.2,19.54166667
29.4,35.3,26.3,1001.7,76,2.6,10.4,20.6,22.83333333
28.5,33.2,26,1001.3,82,1.9,15,25.9,24.29166667
30.9,34.7,25.7,1003.5,73,1.9,1.3,5.4,74.66666667
31.2,36,26.4,1003.3,72,1.9,3.5,13,41.875
30.8,36,26.8,1002.5,76,1.9,1.9,11.1,50.58333333
29.3,34.1,23.5,1004.1,73,1.8,4.3,11.1,58.125
29,34.8,24.6,1004.3,71,1.9,6.7,14.8,57.29166667
29.8,34.9,22.5,1004.2,68,2.6,6.7,18.3,38.25
31,36.3,25.3,1003.5,62,3.1,4.3,14.8,47.41666667
31,36.3,26,1002.8,61,2.3,4.4,11.1,56.91666667
30.4,36.2,25.2,1003.6,61,2.6,5.6,14.8,54.625
30,35.8,24.2,1007.7,58,2.6,9.6,18.3,45.95833333
30.1,35.7,24,1008.1,57,2.4,5.7,16.5,52.25
30.7,36.3,25.4,1009.2,54,3.1,8.9,16.5,43.33333333
29.7,35,25,1004.3,68.6,2.3,6.8,18,49.5
31,36.9,24.3,1010.1,54,3.1,3.1,11.1,41.95833333
30.3,36.9,24.6,1009.1,58,2.6,2.8,9.4,127.7613589
30.7,37,24.4,1008.1,57,2.7,2,14.8,127.7613589
30.9,37.2,24.5,1008.3,65,1.6,1.1,5.4,45.75
29.6,35.2,24.9,1009.9,59,1.9,3,20.6,70.70833333
27.6,34.6,22.2,1010,56,2.3,3.3,11.1,51.79166667
27.6,34.5,18.6,1009.8,66,1.8,8.7,14.8,127.7613589
24.4,33.6,21.4,1011,75,1.9,5.4,14.8,11.58333333
24.5,30.4,19.6,1014.8,73,2.1,3.1,7.6,13
23.8,31.5,16.5,1012.5,61,1.4,4.3,11.1,156.25
24.7,32.3,16.6,1013.3,60,1.8,4.4,14.8,156
25.4,33.3,18,1014.5,60,1.4,2,5.4,151.7916667
25.4,33.1,18.6,1012.3,71,1,0.9,3.5,252.625
25.1,32.3,19.4,1014.9,69,1.4,2,9.4,119.4166667
24.9,32.6,19.5,1013.7,67,1.4,1.9,9.4,126
26.6,33.9,20,1011.5,63.3,1.7,2.6,10.9,230.25
23.2,32.1,16,1013.7,62,1,3.7,11.1,232.3333333
22.5,29.3,16.6,1014,57,1.3,5.4,11.1,215.5416667
22.7,31.1,15.8,1014.5,54,1.4,7.2,20.6,239.4166667
23.4,31.2,15,1013.4,58,1.1,4.1,14.8,196.5416667
23.9,31.7,16.6,1012.9,69,1,2.4,11.1,232.5416667
24,32.1,17.1,1014.6,69,1.3,1.7,9.4,185.5
24.2,31.6,17.2,1015.3,62,1.1,4.3,11.1,282.1666667
18.5,27.6,11.7,1016.6,56,1.3,3.3,11.1,257.6666667
18.3,27.6,9,1016.4,48,1.3,7.4,22.2,166.875
18.6,27.5,10.6,1014.8,51,1.3,2.8,11.1,135.1666667
17.6,28.8,8.5,1016.6,59,1.3,1.1,9.4,211.4583333
18.4,28.8,11.7,1014.9,58,1.4,3.7,9.4,215.5
17.2,27.8,9.8,1014.1,64,1,2,11.1,223.375
16.4,26.6,8,1015,57,1.3,2.6,14.8,135.5833333
17.4,26.7,9,1011.2,55,1.4,6.3,14.8,152.0416667
18.2,29.7,9.1,1011.8,66,1,0,,141.4166667
19.8,29.3,12.1,1014.3,59.2,1.3,3.2,12.4,127.7613589
20.1,30,11.4,1013.8,47,1.8,8.9,22.2,46.70833333
20.1,29,13.8,1014.3,52,1.9,7.2,22.2,91.75
20.3,28.1,14,1013.6,52,1.9,9.3,22.2,99.91666667
17.2,27.4,10.5,1014.9,52,1.6,4.8,14.8,119.7083333
17.1,26.3,10.2,1015.1,54,1.6,2.8,11.1,110.875
15.2,28.9,8.8,1016.8,70,1.3,0,,200.3333333
15.8,22.3,10.4,1016.2,77,1,8.9,14.8,203.5833333
15,20.8,13.2,1016.8,93,1.1,3.5,9.4,25.08333333
14.2,20,10.4,1019.2,82,1.6,1.9,9.4,57.08333333
11.7,17.6,7.4,1022.3,85,0.3,0.4,3.5,349.2916667
11.3,17.5,7.2,1018.8,81,0.8,5.7,13,188.0416667
9.5,17.5,5.6,1018.1,84,0.5,0.9,3.5,310.25
9.3,16,6,1020,85,0.6,8.1,14.8,204.375
10.8,17,6.3,1017.7,82,0.8,7.8,11.1,223.25
10.4,19.2,4.8,1018.6,71,0.8,2.8,11.1,248.9583333
13.9,22.5,8.2,1017.6,71,1.1,3.9,11.7,319.25
14.9,21.6,8.8,1017.4,76,0.8,0.9,7.6,172.75
14.7,21.6,10.2,1018.1,97,0.6,3.1,9.4,146.7916667
15,16.8,13.6,1017.5,94,0.5,0.9,7.6,113.875
9.8,17.6,6.4,1016.6,90,0.5,3.9,11.1,227
10.1,14.5,7.2,1019.2,90,0.3,3.3,7.6,231.25
10.5,16.3,6.8,1020.1,84,0.5,1.5,5.4,272.125
12.3,18.3,4,1017.1,81,0.5,4.8,9.4,228.7916667
12.1,18.3,9,1017.5,86,0.6,5.2,9.4,200.875
12.3,19,5.8,1019.3,82,0.5,0.9,7.6,214.0416667
13.9,21.6,9.4,1019,79,1,1.9,14.8,217.25
13.4,20.7,9.8,1020.1,80,0.8,7.2,11.1,212.4583333
13.3,17.5,9.5,1021.2,79,0.8,3.7,7.6,202.6666667
13.1,18.3,8.5,1020.6,80,0.8,4.1,14.8,138.7916667
13.7,18.3,11.6,1019.9,91,0.6,0.9,7.6,153.0833333
13.3,18.4,9.8,1019.3,79,1,5.2,14.8,159.7083333
12.8,18.9,8.3,1018.9,80.9,0.9,4.8,11.6,133.4166667
13.8,21.5,7.2,1018,60,2.4,9.1,24.1,151.875
15.1,24,6.7,1017.6,66,1.3,5,11.1,224.7916667
17.3,23.8,10.4,1017.5,70,1,11.9,18.3,177.625
16.7,23.8,13,1020.7,75,0.8,7.2,14.8,149.625
15.7,25.6,7.4,1016.9,68,1.4,1.9,7.6,161.1666667
16.7,25.6,9.3,1017.5,66,1.4,4.4,13,136.75
16.9,25.5,10.5,1019.9,65,2.3,5.6,22.2,50.91666667
17.2,25.5,9.3,1012.8,61,2.4,6.7,20.6,120.2083333
19.3,28.6,10.6,1009.5,65,2.6,4.3,14.8,137.125
18.9,28.6,11.2,1012.8,73,0.8,1.5,7.6,197.0833333
22.9,29.3,17,1012.4,78,1.6,7.6,14.8,166.375
22.8,29.3,18,1013.7,72,1.9,7.2,14.8,126.5833333
21.9,29.1,15.2,1014.1,69,2.3,11.3,18.3,94.91666667
23.2,28.6,18.4,1008.5,65,1.4,6.5,13,133.9583333
20,27.6,14.5,1009.8,42,1.9,6.7,11.1,69.25
19.2,27.6,11.1,1013,49,2.6,5.7,11.1,79.29166667
18.8,26.6,12.2,1014.9,67.9,1.6,6.4,13.9,92.04166667
17.3,19,15.2,1011,94,1.8,14.8,24.1,31.625
17.4,22.1,14.6,1012.6,92,1.9,6.7,16.5,20.41666667
16.1,22.1,12.8,1013.8,84,1.8,5.6,13,61.125
18.6,27.3,12.5,1014,79,2.6,3.9,13,49.58333333
19.4,27.6,14,1015.2,79,2.3,7.8,18.3,34.91666667
18.1,24.1,13.3,1021.1,60,2.7,12.2,20.6,47.5
21.3,28.3,14.2,1014.7,70,1.6,4.1,9.4,128.8333333
21.6,27.3,15.8,1015.3,71,2.6,7.8,20.6,56.33333333
17.7,27.3,16,1015.3,92,1.9,11.5,18.3,20.29166667
21.1,28.3,14,1014.8,69,2.4,5.4,13,59.16666667
22.5,30.2,14.5,1014.8,68,2.6,9.1,22.2,83.83333333
24.9,31.7,15.8,1014.8,65,2.6,5.9,13,89.375
26.8,35.1,18.5,1011.7,68,2.3,2.6,11.1,101.375
28.6,36.5,20.3,1012.4,59,1.8,9.3,55.4,109.75
27.7,35.6,20.4,1011.7,54,2.7,7.4,24.1,42.91666667
21.6,28.7,15.3,1013.9,71.2,2.3,7.7,18.4,21.58333333
25.1,30.8,19,1010.4,70,2.1,3.7,11.1,47.25
26.4,32.5,20.3,1007.4,64,1.9,2.4,9.4,81.20833333
28.7,34.7,21,1004.7,53,1.9,9.4,18.3,52.29166667
24.4,34.7,19,1004.6,76,3.1,7,14.8,28.45833333
23.9,31.4,19.2,1010.2,69,1.9,9.8,13,49.5
25.2,32.2,18.2,1012,56,2.6,6.7,16.5,75.16666667
25.8,32.5,18.6,1010.3,58,2.7,9.1,24.1,53.125
24.9,32.2,19,1013.7,74,2.3,7,13,54.70833333
26.4,32.5,20,1012.8,68,2.6,3,11.1,52.625
27.6,34.3,20.8,1013,65,3.1,5.9,14.8,51.375
32,40.6,21.6,1003.9,45,2.7,4.3,9.4,94.33333333
32.8,40.6,26,1005.8,45,1.9,7.2,11.1,92.91666667
31.8,39.6,25.4,1005.6,35,1.9,11.1,27.8,80.20833333
30.4,39.1,22.2,1005.9,51,1.9,13,22.2,71.66666667
28.8,37.1,22.8,1008,59,1.9,15.7,25.9,31.83333333
30.2,37.1,23.5,1006.7,59,1.9,17.6,33.5,47.66666667
28,35.6,21,1007.4,57.2,2.4,7.8,18.3,48.41666667
31.2,39.4,24.2,1005.8,52,2.7,5.4,14.8,48.125
30.2,37.6,23.6,1006.3,47,2.6,4.4,11.1,56.25
30.9,38.9,21.7,1006.7,44,2.7,3,11.1,103.4166667
35.7,42.7,27.6,1003.4,21,1.9,14.4,27.8,76.875
34.1,42.7,27,1003.2,29,1.9,12.2,27.8,86.375
35.1,42.7,25.7,1001.6,35,2.3,8.3,18.3,77.70833333
28.3,38.7,23.8,1006.5,65,2.4,7.8,14.8,48.5
29.9,35.9,22,1007.4,56,2.6,4.4,11.1,55.08333333
28.7,35.8,24.2,1006.5,58,1.9,7,18.3,67.45833333
31.4,41.5,24.9,1002.2,50,1.8,14.8,50,18.875
33.2,41.5,22.4,1002,38,2.4,14.6,22.2,61.5
35.8,42.6,27,1000.4,30,2.6,11.3,24.1,68.91666667
37.8,45.5,28,996.7,29,2.6,10.9,22.2,77.375
35.3,45.5,24.4,999.2,33,2.3,17,55.4,63.91666667
33.8,45,24.8,1001.3,26,2.6,6.7,18.3,63.66666667
33.6,41.4,25.5,1002.3,39.4,2.4,9,20.8,81.5
35.3,40.6,28.9,1000.7,30,1.9,15.2,27.8,63.625
30.1,40.6,23.5,1002.2,47,1.9,14.3,29.4,25.45833333
31.6,39.9,22.2,1003.4,46,1.9,8.5,20.6,20.75
28.7,34.1,23.6,1004.3,59,1.9,6.7,11.1,40.5
35.1,42.5,26,999.4,42,2.6,7.2,16.5,64.83333333
36.3,42.9,27.7,998.7,38,2.6,6.3,22.2,63
37.6,42.4,30,998.8,32,1.9,18.7,27.8,73.83333333
31.9,41.6,28,998.8,52,2.3,9.4,14.8,31.875
27,39.7,20.5,1000.2,82,1.9,3.9,13,54.95833333
30.8,34.9,25.5,999.4,66,1.9,3.1,9.4,77.75
35.9,41.6,29,996.7,54,1.9,8.5,18.3,75.33333333
33,42.3,27.2,997.8,56,1.9,13,25.9,32.58333333
30.4,34.4,25.3,997,70,1.9,5.6,20.6,28.375
26.5,36.8,22.4,994.9,86,1.8,6.3,11.1,28.54166667
31.5,36.8,24,994.7,62,1.8,11.7,22.2,51.04166667
32.7,38,27,996.9,56,1.9,14.1,29.4,40
32.6,39.2,26.3,999.2,56,2,8.7,18.2,37.625
31.9,37.8,25,1001.8,61,1.9,4.3,9.4,37.58333333
33.8,38.9,27,1001.1,54,1.9,7,13,37.625
33.4,39.8,27.6,999.7,54,1.9,13,25.9,34.375
28.3,33.6,23.3,998.4,87,1.9,1.7,7.6,42.29166667
31.2,35.8,24.8,998.6,77,1.9,2.8,11.1,45.66666667
29.7,35.8,25.2,998.9,82,1.9,2.6,9.4,40.625
29.9,33.7,23.3,1000.6,78,2.6,4.8,11.1,26.875
31.1,35.6,26.4,998.5,73,1.9,10.9,18.3,30.70833333
33.4,37,27,994.1,61,1.9,17.2,29.4,10.20833333
30.1,34.7,26,997.7,76,1.9,0.7,5.4,43.04166667
29.1,34.7,24.4,999.2,82,1.9,4.8,11.1,19.41666667
31.5,35.7,25.7,999.9,74,1.9,8.1,13,8.416666667
31.3,36.5,27.3,999.3,73,2.7,8.7,14.8,127.7613589
30,36.6,27,998.8,76,2.6,16.9,25.9,127.7613589
29.7,34.7,24.6,1000.2,74,2.7,11.3,18.3,4.833333333
30.5,35.4,26,998.9,74.5,2,8.1,15.9,5.041666667
28.9,31.6,25,999.7,77,1.9,4.1,14.8,15.375
28.4,32.6,25.4,1002.7,77,1.9,0.9,7.6,19.83333333
29.8,33.9,25,1003.5,75,1.9,2.6,7.6,25.79166667
31.6,35.5,25.4,1001.9,63,1.9,5.4,11.1,22.70833333
29.4,34.4,26.4,999.9,86,1.8,2.2,14.8,31.33333333
28.8,34.4,25.3,1001.7,88,1.6,1.7,7.6,47.41666667
27.5,30.8,25,1000.2,92,1.3,3,7.6,33.79166667
31.9,35.8,28,1001.8,75,1.9,0.4,3.5,39.04166667
30.9,35.8,28.6,1001.8,78,1.9,3.3,14.8,41.70833333
28.5,33.8,26.2,1002.7,88,1.4,0,,28.75
31.6,35.6,25.8,1002.7,67,2.9,13,22.2,12.25
30.9,35.5,27.7,1001.5,66,1.9,14.6,27.8,14.5
29.5,34.5,27.6,1002,77,1.9,8.5,18.3,23.91666667
32,35.6,27,1000.9,64,3.4,10,20.6,27.375
31.9,36.2,28,1001.1,68,2.6,4.8,14.8,29.20833333
32.4,36.9,28.1,1001.9,68,2.7,5.4,11.1,36.5
30.5,35.2,26.6,1001.5,75.4,2,4.6,12.9,28.5
32.2,36.8,28.4,1002,61,2.6,14.6,24.1,27.83333333
32.1,36.6,28,1000.8,56,1.9,15.4,25.9,44.125
31.9,36.6,27.5,1001.7,54,1.9,12.8,24.1,62.25
31.4,36.5,27.6,1005.5,56,1.9,11.7,25.9,60.125
31.5,36.9,26.6,1005.7,53,1.9,9.4,22.2,34.66666667
31.9,36.9,26.8,1005.8,54,2.7,11.9,35.2,39.20833333
31,36.7,26.4,1005.7,54,2.6,10.2,31.7,38.70833333
32.2,37.9,27.3,1005.8,61,1.9,1.3,3.5,69.95833333
31.8,37.9,26.8,1003.5,59,1.9,2.6,9.4,94.375
32.9,38,27.5,1003.3,62,1.9,0.4,3.5,85.75
30.4,35.9,26,1003.6,78,1.6,2,7.6,51.66666667
29.1,34.8,27.2,1003.4,76,1.9,4.6,11.1,39.41666667
30.2,36.5,26.2,1002.3,70,1.9,5.7,14.8,23.95833333
28.4,33.9,23.5,1003.8,55,2.6,8.5,20.6,43.5
29.4,35.1,23.7,1005.3,60,2.3,6.3,14.8,50.41666667
28.6,35.2,25,1007.2,64,2.3,3,9.4,55.70833333
30.7,36.3,26,1005.4,60.1,2.2,7.3,16.8,35.54166667
28.1,35.3,21.5,1011.8,56,2.6,5.6,13,57.125
28.3,35.5,20.6,1011.1,57,3.2,5,,69.375
30.1,36.1,23.7,1007.8,58,3.1,5.7,,65.375
28.6,35.6,22.7,1009,72,1.9,6.5,18.3,112.2916667
28.5,35.4,23.2,1007.3,70,1.9,4.4,14.8,97.70833333
28.6,36,21.8,1004.3,65,1.9,6.1,24.1,80.70833333
29.6,35.5,25,1011,69,1.9,3.7,9.4,81.625
28.2,34.9,22.9,1012.7,70,1.9,3.9,9.4,65.375
27.6,34.9,21.5,1013.6,71,1.8,0.4,3.5,84.375
28.2,36.1,21.9,1011.7,70,1.9,3.5,9.4,141.9583333
27.7,36.2,22.9,1009.9,69,1.9,3,9.4,153.375
26.6,36.2,21,1012,68,1.6,2,7.6,162.875
26.4,34.4,18.3,1012.8,53,2.1,5.4,14.8,127.7613589
25.4,34.4,20.3,1015,59,1.9,5.6,16.5,49.33333333
24.7,33.3,18.5,1014,61,2.3,3.5,7.6,107.3333333
26.9,34.6,20.6,1011.4,64.7,2.2,3.8,11.7,97.25
22.3,29.8,15.6,1016,73,1.6,1.1,5.4,273.625
22.9,31.4,16.2,1016.1,73,1.4,0.9,3.5,256.9583333
23.4,31.8,17.3,1015.8,75,1.6,0.4,3.5,185.0833333
23.9,31.8,18.6,1014.2,73,1.8,0.4,1.9,249.5
21.9,30.2,16.1,1014.8,79,0.5,1.1,7.6,365.75
21.9,29,17.1,1016,75,1.1,1.9,5.4,241.875
22.1,29.8,16.1,1015,77,1.3,0.7,3.5,176.875
22.3,29.3,16.1,1014.9,64,0.8,5.4,18.3,353.0416667
22.4,29.8,16.5,1012,65,1.1,3.5,13,257.4166667
22.6,32,15,1011.9,66,1.6,0,,204.75
18.5,27.7,11.5,1017.6,68,1.3,0.9,7.6,207.8333333
18.6,27.7,11.4,1016.4,69,1.1,0.4,3.5,268.1666667
18.8,28.5,11.5,1015.4,69,0.8,1.3,3.5,278.3333333
19.3,28,13,1014.7,61,1.9,5.7,18.3,157.5
20,29.1,11.9,1012.6,64,1.4,0.9,7.6,156.375
18.4,29.1,13.5,1011.4,71,1.3,2.6,7.6,200.5
20.8,29.4,14.7,1014.6,70.6,1.3,2.1,8.2,337.125
19.3,28,13.8,1014.7,81,0.6,1.7,7.6,212.125
17.9,26.2,13.5,1016.2,75,0.8,2,11.1,190.5
17.6,24.6,11.2,1016.1,75,0.8,7,18.3,236.4166667
17.8,26.2,11,1017.1,79,0.6,2,7.6,286.375
20.2,27,12,1015.8,68,1,1.3,5.4,288.0833333
19.2,26.9,11.6,1015.4,78,1,4.8,14.8,302.4583333
14.8,21,6.8,1016.4,63,2.4,5.4,13,163
14.6,21.3,6,1017.1,59,2.6,8.1,14.8,161.375
15.2,22.2,7,1016.5,60,2.4,7,14.8,157.375
14.4,21.1,6.8,1019.1,65,1.6,5.6,13,245.9166667
12.6,21,0,1018.9,68,1.4,2.6,9.4,264.5833333
13.7,21,5.6,1018.8,71,1.3,1.5,7.6,253.2916667
13.3,19.3,5.5,1021.9,62,1.9,7.8,14.8,181.2083333
14.4,21.5,5.5,1021,60,1.8,8.9,18.3,210.875
16.3,22.5,7.6,1020.6,64,1.4,8.1,14.8,255.3333333
16.1,23.6,8.7,1017.4,69.9,1.3,4.9,12.4,137.5
16.9,25.1,6.6,1021.3,65,1.1,2,7.6,284.7958333
15.5,24.1,7.7,1021,71,1.1,3.5,11.1,219.7208333
14.9,22.8,8,1018.4,73,1.1,5.9,13,182.1875
18.3,24.7,11.5,1018.1,85,0.5,1.1,7.6,154.0375
16.5,24.7,12,1017.4,82,0.6,8,13,223.2083333
16.6,22.2,10.2,1015.4,65,1.8,10,20.6,200.6458333
18.2,25.1,12,1014.4,77,0.6,5,11.1,285.225
15.6,23.2,10.9,1015.6,82,0.6,4.3,9.4,236.825
13,19,9.6,1016.9,85,0.8,10.7,16.5,276.9083333
12.3,19,8.9,1015.8,91,0.5,4.6,9.4,108
11.9,15.7,7.5,1018.9,86,0.8,6.1,11.1,107.625
12,17,6.7,1019.8,75,1.3,7.6,13,125.8916667
11.7,18,6.4,1017.3,76,0.8,4.4,13,181.0125
14.6,21,6.8,1015.6,81,0.6,2.4,7.6,152.5541667
17.7,24,9,1014.5,69,1.4,4.4,9.4,152.3208333
15.6,22.6,9,1017.1,76.9,1,4.6,11.2,251.8291667
17.4,27.2,12.2,1016.4,79,1.1,7.8,18.3,319.7375
15.9,22.4,8.4,1017.6,66,2.4,7.2,16.5,332.7083333
15.2,22.6,6.6,1018.2,56,1.9,8.9,22.2,279.6
12.7,19.5,8,1017.6,69,1.3,8.3,18.3,179.1166667
15.6,24.6,10.7,1015.7,81,1.3,2.8,9.4,54.79166667
17.1,23.2,9,1017.1,69,1.8,5.9,11.1,93.375
17.6,24,10.1,1014.8,67,1.4,5.9,14.8,103
17.2,26,11.5,1014.7,65,2.3,5.7,14.8,132.2083333
17.7,24.4,9.7,1017,64,2.1,8,18.3,127.7083333
17.4,24.4,10.1,1018.9,61,2.3,6.1,11.1,109.3333333
23.1,30,15.6,1014.9,71,1.4,4.1,9.4,56.45833333
23.7,29.8,18.7,1014,75,1.4,11.1,18.3,135.8333333
20.9,27.8,15.8,1014.4,62,2.6,17.2,27.8,122.5
22.6,30.3,11.5,1015.4,57,2.4,5.4,11.1,69.66666667
22.7,30.4,12.8,1017.7,56,2.6,2.4,7.6,79.83333333
22.7,30.6,13,1018.4,58,2.4,3.3,7.6,62.70833333
19,26.3,11.1,1015.9,63.5,2,6,13.6,21.20833333
25,31,15,1015.7,59,1.9,1.7,5.4,1.916666667
24.9,32.4,15.2,1015,57,1.9,1.7,9.4,1.833333333
26.8,33.4,15.7,1014.5,52,2.4,4.6,9.4,1.791666667
23.7,29.1,15.8,1011.9,67,2.1,5.2,11.1,117.5833333
23.4,29.1,17,1011.4,63,2.1,6.7,16.5,122.7083333
24.3,29,15.6,1011.7,56,1.9,10,18.3,76.54166667
24.3,31,16.8,1010.8,66,3.4,6.9,14.8,59.20833333
22.4,29.5,17.1,1014.1,68,3.4,6.3,16.5,77.20833333
24.1,29.2,14.5,1014.4,59,2.4,8.5,18.3,87.83333333
26.8,33,19,1008.8,61,2.3,3.5,11.1,123.7083333
27.1,33,19,1009.9,61,2.6,2.8,13,64.79166667
26.5,32.8,19.5,1010.5,45,2.9,12.2,25.9,62.875
29.8,36.2,18.2,1012.7,52,2.4,3.3,7.6,52.04166667
24.7,36.6,19.7,1012.8,66,2.4,9.4,14.8,128.3333333
26.2,32,19.5,1012.5,56,3.1,9.1,14.8,87.58333333
25.7,32.3,17.3,1011.7,56,2.5,7.2,15.5,127.7613589
29.9,37,19.5,1008.3,39,2.7,4.4,9.4,23.20833333
30.4,37.5,21.6,1006.3,41,2.6,12,27.8,15.16666667
32.3,39,21.5,1007.3,39,3.4,5.4,13,21.25
33.4,39.1,24.8,1008,47,2.1,2.6,7.6,25.75
29.5,36.9,21.5,1007.2,41,2.3,11.3,16.5,105.3333333
29.3,36,18.8,1008.8,37,3.2,4.8,11.1,117.75
30.9,37,19,1008.9,33,2.6,6.9,14.8,20.79166667
31.6,38,23.2,1002.6,30,3.1,18.7,35.2,46.91666667
33.1,39,24,1003,26,2.6,10.4,24.1,104.625
33.6,40,23,1003.8,27,2.4,9.8,18.3,109.625
34,40.6,26.3,1005.5,29,2.6,13.9,22.2,127.7613589
33.9,39.6,25.8,1002.7,28,2.7,15.7,29.4,30.875
33.3,39.4,24.8,1000.7,28,3.1,8.3,18.3,75.58333333
33.4,40,21.2,1006.3,27,2.6,3.7,14.8,127.7613589
33.2,40.3,22.2,1005.1,29,2.3,5,14.8,127.7613589
34,40.7,22.2,1004.6,24,2.4,11.9,22.2,127.7613589
32.4,38.7,23.1,1005.2,31.7,2.6,9.1,18.7,94.75
34.7,41.5,22,1001.7,24,2.3,8.5,16.5,142.5
38,44,23.8,1001.1,20,2.6,9.6,29.4,133.375
35.4,44,28,1003.2,35,2.7,6.5,18.3,102.4166667
33.2,38,25,1004.6,41,2.7,4.6,9.4,158.2916667
35.1,39.2,25.3,1005.1,40,2.4,7.2,11.1,149.5833333
33.8,39.8,27.6,1005.5,44,2.4,9.8,16.5,107.2916667
37.1,42,27.5,1000.7,30,2.9,8.3,18.3,106.5
36.5,43,27,1001.8,35,2.6,4.1,22.2,128.125
37.3,42.4,27.4,1002.4,32,2.6,4.8,14.8,108
37.3,43.7,28.6,997.4,44,2.6,9.4,22.2,98.41666667
37.3,42.8,31.2,996.2,49,2.6,8.3,14.8,94.375
36.2,41.5,30.7,995.3,50,2.9,10.9,18.3,118.5
32.9,39,27.4,996.6,50,2.4,9.4,27.8,110.4166667
34.6,39,26,998.4,49,2.4,6.7,16.5,95.83333333
37.4,41,30.6,998.8,31,1.9,14.1,27.8,93.5
34.6,40.9,26.2,1001,42.1,2.7,8.7,19.4,72.25
32.7,37.5,24.7,1002.3,55,2.4,7.4,18.3,38.66666667
36,40,26.6,1001.7,46,3.1,9.1,22.2,45.375
37.7,42,30.7,1000.9,37,2.6,11.9,22.2,65.16666667
37.6,43,28.7,1001.2,42,2.4,2.8,11.1,67.08333333
34.6,40.3,28.7,1001.1,51,2.7,10.2,25.9,77.66666667
35.9,41,28.6,998.6,50,2.6,8.5,18.3,70.25
35.7,41.2,30,997.6,48,2.3,9.3,27.8,75.125
36,41,27.6,997.7,46,2.4,12.8,25.9,77
32.6,40.7,26,996.9,59,2.6,11.9,29.4,32.95833333
34.7,38,30.5,995.4,55,2.4,10.4,18.3,40.83333333
35.6,40,30,1000.7,57,3.1,9.4,25.9,90.70833333
31.1,40.1,26,999.8,74,2.4,7.6,14.8,97.29166667
32.9,38.6,27,999.7,64,2.4,8.9,16.5,79.83333333
35.5,39.9,31.2,999.7,60,2.4,9.8,18.3,40.375
34.9,39.6,29.6,999.6,61,2.4,7.8,14.8,49.41666667
34.4,39.4,26,998.3,63,2.3,8,14.8,43.66666667
35,40.2,28.2,999.4,54.5,2.6,8.7,19.7,61.875
32.2,39.8,25.4,995.4,73,2.3,8.3,14.8,127.7613589
28.4,36.6,24.4,998.1,82,2.4,5.2,9.4,29.66666667
29.6,32,25.7,997.6,80,2.3,2,7.6,47.75
33.6,36.7,28.8,996.7,66,5.8,5.9,11.1,43.66666667
30.7,36.9,28.8,996.8,78,2.3,5.4,27.8,29.83333333
33.3,37,27.8,996.2,68,2.6,6.7,11.1,29.66666667
31.1,34.2,27.8,997.8,78,2.6,6.9,24.1,37.625
30.4,35.4,26.7,997.8,82,2.1,5.2,14.8,41.45833333
31,35.2,26,997.9,80,2.4,7.2,18.3,53.125
32.4,35.2,26.2,999,72,2.9,13.5,25.9,36
34.1,37,28.5,998.5,63,3.2,13,22.2,70.58333333
34.1,37.2,29,998.4,61,2.6,11.5,22.2,52.45833333
31.9,35,28.3,1001.3,72,2.1,2.8,9.4,38.25
30.3,35,27.6,1002.6,83,2.3,6.5,16.5,26.58333333
28.3,35.8,26.8,1003.9,89,1.6,4.3,11.1,57.58333333
30.9,35,27.1,998.7,77.4,2.4,6.2,15.7,15.41666667
29.2,31,26,1000,85,1.8,4.6,13,41.375
29.1,32.6,26.4,998.6,85,1.8,5.9,13,25.54166667
30.9,35,26,997.4,73,2.6,6.5,11.1,28.375
32.6,36,26.2,997.8,66,3.4,5.6,9.4,40.33333333
33.3,36,26.4,999.7,67,3.2,7.8,18.3,35.375
33.4,36.5,28.6,999.9,66,2.9,9.8,16.5,31.91666667
31.2,36.7,28,997.8,75,2.7,9.1,14.8,36.79166667
29.9,34,25.5,1000.2,80,1.4,3.3,11.1,26.83333333
29,33.7,26,999.1,85,2.1,6.5,22.2,21.125
31.3,34.5,27,997.6,71,3.2,12.2,22.2,18
31.7,34,26.4,999,71,2.6,2,11.1,43.58333333
32.6,36,27.6,999.6,70,2.7,10.6,20.6,46.04166667
31.2,35.9,26.1,1000.4,71,3.2,8.7,18.3,28.75
31,35,26.8,1004.1,76,2.6,6.1,14.8,64.91666667
30.8,35.2,26.8,1005,76,2.7,3.7,18.3,30.66666667
31.4,36,25.5,,73,3.1,6.5,13,31.75
30.9,35.2,26.7,1000.3,75.3,2.6,6.9,16.2,34.41666667
27.3,33.3,24,1002.4,89,2.1,7.8,27.8,33.16666667
27.8,31,25.2,1001.3,88,2.4,4.6,7.6,30.625
30.7,34,25.5,1000.1,73,2.6,13.7,22.2,30.33333333
30.7,34,25,1000.5,65,3.4,12,27.8,31.75
31.1,35,25,1003.1,64,3.2,10.4,18.3,127.7613589
31.3,35,26,1004.6,63,3.2,11.5,18.3,127.7613589
31.5,35.5,26.1,,60,3.2,13.5,22.2,127.7613589
31.4,36,26.7,1006.7,65,3.1,8.3,13,83.45833333
30.4,35.6,25.7,1006.5,72,2.9,4.3,14.8,71.66666667
31.6,35,25.7,1005.3,63,2.6,3.7,,65.625
31.7,37.1,26,1003.2,63,2.9,1.7,5.4,62.375
32.5,37.2,25.3,1003,59,3.1,1.7,7.6,24.875
32.6,37.4,27,1005.8,63,2.6,6.3,13,37.33333333
30.7,34.8,25.6,1004.5,66,2.6,3.3,11.1,41.5
31.2,35,25.2,,63,2.7,3,9.4,38.79166667
31.4,35.2,26,1005.8,62,3.1,2,7.6,48.91666667
31.1,35.4,25.7,1004.1,64.8,2.9,6.9,14.6,30.33333333
31.9,36,26.5,1007.2,66,2.3,2.4,7.6,26.66666667
32.4,36.4,27.5,1007.8,65,3.1,3.5,11.1,29
32.7,36.1,27.7,,64,2.6,3.3,7.6,34.25
30.3,35,24.7,1007.3,62,2.3,7.6,18.3,60.54166667
29.9,35,23,1006.3,60,2.6,6.7,24.1,41.58333333
30,36,22.5,1004.9,63,2.6,3,7.6,50.91666667
28.6,35,19.8,1008.2,49,3.7,11.5,22.2,82.83333333
28.3,35.2,19,1009.4,53,3.4,9.1,35.9,95.25
26.8,35.2,17.5,1010.4,57,2.6,5.7,13,115.8333333
27.6,35,17.6,1007.6,53,3.1,5.9,13,136.7083333
27.7,35,18.6,1006.9,52,3.1,7.8,28.7,160.6666667
27.3,35,19,1007.8,55,3.2,7.2,27.8,173.5833333
27.2,34.5,19.5,1009,58,3.1,11.1,25.9,261.6666667
26.4,33,18.4,1012.4,60,2.6,4.6,14.8,272.4166667
25.4,33.4,16.5,1014.3,62,1.6,5,14.8,226.2916667
28,34.6,20.4,1008.9,59.5,2.5,6.2,16.9,149.625
23.7,31.7,15.5,1017.7,69,1,1.3,5.4,99.70833333
23.4,31.1,14.2,1016,60,1.1,3,7.6,217.375
22.6,30.6,15.8,1015.4,69,0.5,1.1,5.4,309.375
23.9,32,14.5,1015.6,63,1,2,5.4,166.9166667
23.2,30.2,14,1012.6,55,1.1,7.4,18.3,278
22.5,29.5,15.6,1013.3,56,1.1,11.7,22.2,192.3333333
21.7,30,12.2,1014.5,52,1.1,6.3,16.5,235.3333333
22.2,30.2,13.6,1015.6,63,1.6,1.5,3.5,221.5416667
20.8,29.3,12.1,1016.7,58,1.8,3.5,9.4,210.5416667
20.7,28.8,10.6,1017.8,56,1.8,6.1,16.5,251.2083333
20.8,29,10.5,1013.9,61,1.8,2.6,7.6,194.7083333
22,31,10.7,1013.2,56,1.8,2.4,14.8,250.875
21.4,30.6,10.8,1011.9,54,2.6,7.8,18.3,274.875
24.2,31,16.5,1013,36,2.9,13.9,22.2,160
22.7,30.8,13.6,1012,38,3.4,11.9,20.6,217.9166667
21.4,29.6,12.7,1013.7,40,2.6,8,20.6,184.2083333
21.8,30,12.8,1014.2,56.3,1.6,5.6,14,118.9166667
19.2,25.9,11.9,1017,84,0.8,2.6,9.4,176.375
18.9,25.8,11.5,1017.9,77,0.6,5,13,185.9583333
19.3,27,11.7,1019.6,57,1.8,5.2,11.1,195.375
17.8,24.8,11.2,1017,74,0.6,0.7,7.6,365.2916667
15.8,24.3,8.7,1015.8,77,0.8,1.7,7.6,312.2083333
18.2,27,7.7,1013.7,72,0.6,1.1,7.6,237.625
19,27.1,10.5,1015.1,61,1.6,3.3,9.4,202.875
18,26.6,10.5,1017.1,61,1.9,8,14.8,260.1666667
17.2,24.2,10,1017.2,58,1.6,9.3,22.2,403.9583333
16.3,23,6.6,1016.9,61,1,9.4,20.6,284.1666667
18.1,24,11.2,1015.4,56,1.8,15.9,25.9,288.4166667
17.8,25,10.7,1015.8,54,2.3,9.4,22.2,256.8333333
13.9,24.5,11.4,1015,95,0.6,8.7,14.8,169
16.3,23,9.8,1016.9,78,1.1,7.4,16.5,186.0416667
16.3,23.4,9,1017.3,68,1.3,7.8,18.3,185.5833333
17.1,25.1,9.5,1016.3,69,1.2,5.4,13.6,196.7083333
15.6,23,9,1016.4,87,1.3,2.4,11.1,387.1666667
17.4,24,9.3,1018.9,81,1.3,2.2,9.4,289.1666667
16.7,24.3,9.5,1018,82,1,4.1,13,273.2916667
14.7,24.4,13.5,1012.2,96,1,10,22.2,334.2083333
15.4,20,10.2,1015.5,84,1.1,2.2,7.6,324.5416667
14.1,20.2,8.6,1015.8,82,1.1,5,13,288.0833333
12.1,19,4.3,1017.8,70,1.4,6.1,14.8,294.2083333
12.6,19.5,3.2,1019.2,78,1.3,5.2,11.1,291.7916667
16.4,24,8.6,1017.3,73,1.3,3.3,7.6,316.9166667
14,21,6.4,1023.1,76,1.6,10.2,16.5,315.75
14.7,21.3,6,,68,1.8,10.2,18.3,279.125
14.7,20.8,7,1021.4,72,1,6.1,14.8,303.5833333
19.8,25.6,12.5,1018.2,74,1.1,7.8,24.1,299.8333333
16.2,25.1,14.5,1017.1,92,0.8,8,22.2,310.25
16.1,20,13.2,1019.1,80,1.8,11.9,18.3,267.3333333
15.3,22.1,8.6,1017.6,78.5,1.4,6.5,15.4,289.4291667
17.3,23.2,9.8,1016,71,1.4,4.6,16.5,347.2166667
16.2,23.4,9.4,1017.9,75,1.3,8,16.5,332.7083333
17,24,8.6,1019.2,66,1.6,2.8,7.6,279.6
17.9,25,9.5,1017.3,68,1.6,3.3,11.1,179.1166667
16.1,23.5,8.6,1015.9,62,2.9,10.2,18.3,54.79166667
16.8,24,9,1015.2,63,1.8,5.7,18.3,93.375
16.7,24.2,9.4,1016.4,66,1.8,10.6,27.8,103
18.2,25,8.9,1021.9,59,2.3,7.6,18.3,132.2083333
18.6,29,10.2,1021.3,59,1.8,10.2,18.3,127.7083333
19.7,27,9.8,1020.3,58,2.4,8.7,32.4,109.3333333
24.1,31,15.6,1011.1,57,3.1,7.2,14.8,56.45833333
24.8,32,16.4,1005,56,2.4,6.3,14.8,135.8333333
20.9,32.4,15.7,1008.2,74,1.9,12,24.1,122.5
21.4,28,13.5,1013.6,47,3.1,18.5,35.2,69.66666667
20.4,28.1,12.4,1012.5,55,2.6,16.1,29.4,79.83333333
21.2,29,11,1014.2,52,3.2,8,16.5,62.70833333
19.4,26.6,11.5,1015.6,61.4,2.2,9.2,20.6,81.04166667
24.7,32.5,18,1012.1,49,2.6,5,11.1,21.20833333
22.8,30.5,16.5,1011.1,59,1.9,4.4,11.1,1.916666667
21.3,28.5,12.5,1010.6,41,3.1,8.3,22.2,1.833333333
23.4,30,12,1008.3,41,2.6,5.9,14.8,105.8333333
22.8,30.7,17.6,1008,54,2.9,12,22.2,117.5833333
20.7,28.2,14.6,1007.6,67,2.6,8.1,18.3,122.7083333
18.4,24,9,1015.3,49,3.2,9.1,20.6,111.9583333
19.6,26,9.1,1016.4,50,2.7,6.5,22.2,59.20833333
21.4,28,10.5,1013.7,50,2.4,8.5,22.2,77.20833333
23.6,30,15.6,1011.7,57,2.6,7.6,18.3,98.70833333
24.2,30,15.4,1012.2,53,2.7,11.3,24.1,123.7083333
26.6,34,16.2,1011.6,47,2.9,10.9,22.2,64.79166667
27.8,35,17.7,1010.4,41,3.4,12.8,27.8,52.33333333
29.1,35,20.8,1009.8,38,3.2,16.1,35.2,52.04166667
30.6,37,21.8,1009.5,41,3.1,13.1,27.8,128.3333333
24.5,31.3,15.8,1010.5,48.2,2.8,9.6,20.6,127.7613589
31.2,38.5,23.3,1007.5,41,2.9,8.3,18.3,127.7613589
32.8,39,23.2,1004.7,36,3.2,11.1,22.2,23.20833333
31.7,39.4,23,1004.2,34,3.5,10.7,25.9,15.16666667
32.8,39,21.4,1004.9,30,3.7,10.7,22.2,21.25
28.8,38,19.2,1008,32,1.9,5.9,18.3,81.83333333
27.5,34.4,16.5,1010.8,28,2.7,10,20.6,105.3333333
27.3,33.6,19,1010.8,29,3.9,13.3,25.9,117.75
31.6,40,19.9,1006.3,27,2.9,5.6,11.1,84.5
32.4,40.5,20.7,1004.5,33,2.3,2.6,9.4,46.91666667
33,40.6,22,1002.1,29,3.2,8.5,24.1,104.625
34.9,43.2,28.9,999.7,45,2.7,9.1,21.7,127.7613589
33.5,40.2,28.5,1001.9,49,2.3,8.5,22.2,30.875
33.9,40,26.8,1001.9,31,3.2,11.1,22.2,75.58333333
32.6,38.2,22.5,1006.3,33,2.7,11.9,51.9,127.7613589
32.2,38.5,24,1004.8,37,2.9,13.3,39.6,127.7613589
32.1,39,24,1005.4,40,3.1,5.9,20.6,127.7613589
31.8,38.8,22.7,1004.8,34.1,3,10.2,25.5,38.5
32.2,38.1,23.1,1007.2,35,3.7,5.7,13,94.75
32.3,39.6,22,1006.8,37,3.2,4.4,13,142.5
32.6,40,24.4,1006.6,35,2.3,7.4,18.3,133.375
36.6,44,25.3,1003.7,27,3.4,8,18.3,147.8333333
36.6,44.1,27.6,1002.7,30,2.6,3.5,9.4,158.2916667
35.6,42.8,28,1001.5,36,3.2,10.7,20.6,149.5833333
36,41.8,27.5,1002,35,2.7,6.7,18.3,101.5
37.2,43,27.8,999.8,28,3.1,6.7,14.8,106.5
37.9,44,28.1,998.3,24,3.2,10.2,22.2,128.125
32.3,40.2,27.4,1001.4,45,3.2,6.5,18.3,101.9583333
34,41.4,28.4,1000,38,3.4,5.4,22.2,98.41666667
31.2,39,24,1001.5,45,2.1,9.8,22.2,94.375
36.4,41.6,28.5,999.1,36,3.4,4.3,11.1,107.625
37.8,44,29,997.3,33,3.1,8.3,22.2,110.4166667
35.3,43.9,29.3,998,46,3.9,13.3,18.3,95.83333333
34,41,25.9,1002.2,40.5,3.1,7.7,18.5,76.95833333
29.4,37,26,1000.2,69,2.9,9.4,20.6,72.25
32.9,37,24.9,1000.7,52,2.4,5,14.8,38.66666667
34.9,40,26,999.4,38,2.6,6.7,13,45.375
37.3,42.5,28.7,996.6,32,3.4,12.2,35.2,65.16666667
31.7,43,26,1003.5,51,3.2,14.3,37,66.08333333
30.3,37.2,25,1002.1,62,3.5,8.9,18.3,77.66666667
32.9,37,26.4,1000.6,53,2.7,4.8,13,70.25
36.6,42,28.1,997.5,33,3.5,13.3,29.4,56.29166667
36.1,42,29,1000.4,37,2.9,12.8,43.2,77
34.7,41.6,28.6,998.9,39,3.1,11.3,22.2,32.95833333
30.2,37,24,998,72,3.2,10.2,27.8,80.625
27.6,37.4,23.2,998.3,79,2.6,5.6,14.8,90.70833333
27.7,32.2,23.7,999,85,2.4,6.7,13,97.29166667
35.7,39,30,997.7,58,3.1,6.7,13,50.70833333
35.2,39.4,30.4,998.9,62,3.4,7.6,18.3,40.375
35.6,39,30.5,998.5,59,3.4,9.4,18.3,49.41666667
32.9,38.6,26.8,999.1,56.8,3.1,8.9,21.5,49.58333333
30.3,34.5,25.4,995.6,84,2.4,3.3,9.4,61.875
28.1,35.1,26,996.9,91,1.9,6.5,14.8,127.7613589
32,37,26.7,996.5,75,2.3,3.7,9.4,29.66666667
31.3,35.8,25.2,1000.4,74,2.7,3.9,11.1,49.125
31.9,36.5,28.2,999.1,72,2.4,6.3,13,43.66666667
34.4,37.6,29.6,998.6,58,2.9,7.4,14.8,29.83333333
31.1,35,27,999.4,69,3.2,7.8,14.8,35.20833333
33.2,36.5,28.4,999.6,64,3.7,9.6,18.3,37.625
31.6,36.4,28.4,1000.2,76,3.2,6.1,14.8,41.45833333
34.1,38,28,997.6,64,2.7,5,18.3,38.58333333
29.2,38.4,25,998,84,2.3,6.9,18.3,36
32.5,36,28,997.5,70,3.1,10,18.3,70.58333333
29.6,33.4,26.6,997.3,84,2.4,9.3,16.5,33.16666667
31.6,35,26.4,999.1,74,3.2,8.9,13,38.25
32.2,35,28.6,1000.7,69,3.7,9.3,16.5,26.58333333
31.4,36.1,27.4,998.7,73.6,2.9,7.9,16.6,35.375
28.3,34.1,27,1001.1,89,2.1,4.6,18.3,15.41666667
28.8,32,26.8,1001.6,84,2.3,9.6,18.3,41.375
29.8,32,27,1000.2,78,2.7,10.2,14.8,25.54166667
31.2,35,27.3,997.2,69,2.9,18.7,27.8,28.375
29.8,36.1,26,1001.8,84,2.3,3.5,11.1,50.33333333
31.7,36,26.5,1001.5,77,2.7,4.8,13,35.375
29.2,35.6,27,999.3,87,1.6,3.5,18.3,31.91666667
31.3,35,27.3,1001.2,68,2.9,13.1,22.2,35.29166667
31.6,36,27.4,1003.3,63,3.7,7.2,14.8,26.83333333
32.4,37,28.5,,62,3.4,10.7,22.2,21.125
27.9,37.8,26,1003.2,92,1.6,6.1,14.8,35.70833333
32,36,26.5,1001.8,70,3.1,9.6,28.7,43.58333333
32.1,36,28.3,1001.3,72,3.2,8.5,16.5,46.04166667
31.1,35,27.2,999.9,76,2.4,3.9,11.1,82.875
29.1,35.3,25.2,1000.4,84,2.4,4.3,22.2,64.91666667
31,36,24.8,1000,71,3.2,3.7,9.4,30.66666667
31,35.5,27.1,1000.4,73.2,2.7,8.9,19.9,45.25
28.2,35.5,25.6,1003.7,89,1.6,6.1,20.6,34.41666667
28.7,33,25.5,1002.6,81,2.3,9.4,22.2,33.16666667
28.2,32.6,26,1002.8,78,2.7,9.8,22.2,30.625
30.7,35,25.2,1003.9,70,3.4,8.1,18.3,30.33333333
28.9,36.1,24.2,1005.5,76,2.9,6.7,13,127.7613589
31.2,35,26.5,1005.5,67,2.7,5.7,13,127.7613589
31.6,35.1,26.8,1003.9,65,3.1,6.7,11.1,127.7613589
32.2,36.2,27,1006.2,63,2.9,4.6,11.1,76.875
32.1,36.6,27.5,1005.6,67,2.4,3,7.6,83.45833333
32.7,36.1,27,1005.1,53,2.9,6.7,14.8,71.66666667
31.6,36,25.6,1002.8,59,2.6,1.1,7.6,69.70833333
31.6,37,25,1002.9,57,2.7,3,11.1,62.375
30.7,36.9,24.8,1002.7,69,2.9,6.9,11.1,24.875
30.2,35,23.8,1004.5,67,3.1,8.9,14.8,43.95833333
30.4,35.1,25,1005.7,66,3.4,5.7,18.3,41.5
30.8,36,23.8,1005.9,58,3.1,2.6,11.1,38.79166667
30.4,35.3,25.4,1004.7,66.8,2.9,6.4,15.1,34.45833333
28.8,36,22,1005.9,55,3.4,5.7,22.2,30.33333333
29.9,36.4,21.9,1006,47,3.9,8,24.1,26.66666667
30.5,36.4,21.3,1007.9,53,3.7,7.2,14.8,29
29.6,36,21.6,1007.6,54,2.9,6.1,18.3,61.70833333
28.8,35.8,22.4,1006.9,63,2.6,3.9,11.1,60.54166667
29.6,36,22.5,1007.6,58,2.7,2.4,11.1,41.58333333
29,35,21.6,1004.5,57,2.6,4.4,14.8,80.04166667
28.8,36.4,21.5,1004.4,56,2.6,2.4,13,82.83333333
28.2,36.5,19.2,1005.1,54,2.7,3.5,16.5,95.25
28.5,36,19.4,1008.8,58,2.4,0.6,9.4,126.1666667
27.8,36.3,20.5,1007.5,62,1.3,2,13,136.7083333
25.9,35.3,18.4,1005.6,61,1.6,3.1,11.1,160.6666667
23.8,33,17,1013.7,63,1.6,2.6,7.6,245.6666667
23.8,33.1,16.1,1014,67,1.9,0.7,5.4,261.6666667
23.8,33.2,17.3,1012.8,69,1.8,0.7,5.4,272.4166667
27.3,35.1,19.8,1008.6,59.3,2.4,2.9,12.4,207.3333333
22.6,30,16.4,1013.3,77,1.1,0,,149.625
23.5,31.4,17.6,1014,72,1.6,1.7,9.4,166.125
23.3,32,19.4,1012.9,79,1.3,2.6,9.4,217.375
22.7,30.3,17.5,1013.5,78,1.1,0.4,3.5,385.25
21.1,30,16,1014.4,73,0.6,1.9,11.1,327.625
19.7,30.2,14,1014,82,0.3,0.4,3.5,350.2083333
20.1,30.4,13.8,1013.2,71,0.5,0.9,7.6,254.75
19.3,28.5,12.4,1010.9,74,0.6,0.4,3.5,257.8333333
20.1,28.5,14.6,1011.2,73,0.8,1.9,7.6,269.5
18.8,27.7,13.2,1012.4,76,1.1,0.6,,261.0416667
18.1,24.3,13.5,1016.5,60,1.8,5.6,14.8,209.2083333
15.9,24.5,9.4,1017.3,58,1.4,3.9,11.1,199.9166667
16,24.4,10.2,1015.1,59,1.8,5.2,18.3,249.8333333
16.9,26.5,8.6,1016,57,1.9,3.5,9.4,217.8333333
16.9,27.5,8.6,1016.7,63,1.6,1.1,9.4,174.4583333
16.3,27.5,9,1013.9,63,1.9,5,13,183.6666667
19.1,28.2,12.7,1014.4,69,1.4,2.3,9.1,169.625
15.7,27.1,8.2,1015.7,66,1.6,1.7,13,161.6666667
15.2,26,7.4,1017,65,1.6,0,,209.3333333
15.1,26.4,8,1016.6,72,1.3,0.7,5.4,221.375
17.4,25,12,1015.7,47,1.9,6.1,22.2,239.125
16.6,25.2,9.4,1015.4,52,1.9,6.7,22.2,365.2916667
16.1,26.6,0.7,1015.3,60,1.9,1.7,9.4,312.2083333
15.7,21.7,12,1018.2,85,1,3.3,7.6,178.9166667
13.6,21.3,9.6,1020.1,83,0.8,4.8,11.1,202.875
12.7,19.5,8,1021,78,1,6.1,11.1,260.1666667
15.2,25.6,9.6,1019.9,70,1.4,4.4,9.4,277.7083333
16.4,23.7,9.6,1020.6,82,0.5,2.8,9.4,284.1666667
17.4,25,12,1020.8,76,0.8,1.3,9.4,288.4166667
13.5,25.1,7,1017.8,79,1,3.9,13,207.6666667
14.4,23.2,7.1,1017.7,74,1.3,2,7.6,214.0833333
15.1,25,7.6,1017.1,71,1.3,3.5,13,186.0416667
15.7,24.5,8.9,1017.3,69.5,1.4,4,11.7,171.875
12.2,23.9,5.7,1014.5,88,0.3,0.7,5.4,255.875
11.8,20.1,8.4,1015.3,89,0.3,2.8,9.4,217.0833333
11.3,18.2,6.7,1015.6,85,0.6,3.5,9.4,229.1666667
13.2,20.8,6.4,1015.2,69,1.4,8.5,14.8,298.4583333
12.1,20.7,5,1017.6,72,1.4,3.9,11.1,264.9166667
12.2,21.7,4.2,1019.1,75,1.4,5.7,18.3,404.5
13.6,23.7,5.5,1016.1,68,1.4,4.4,18.3,188.5
14,23.7,5.7,1016.2,69,2.3,4.8,14.8,164.75
14.7,25,6.4,1015.6,70,1.4,9.4,24.1,376.9166667
15.8,24.2,9.5,1016,79,1,4.6,11.1,127.7613589
14.2,24.9,8,1014.9,75,0.6,5,13,127.7613589
13.9,25.2,5,1014.7,70,1.9,0.4,3.5,57
12.5,18.9,8.8,1013.4,90,0.6,8.3,16.5,202.9166667
12.1,18.4,7,1014.1,89,0.5,4.4,9.4,205.125
13,20.2,8,1014.4,79,0.6,4.3,9.4,214.125
13.7,22.6,7,1015.2,76.1,1.1,5.5,14.6,323.875
17.2,26.9,9.9,1014.3,69,1.4,13,25.9,315.7916667
18.7,27.2,11,1013.9,69,1.4,3,13,322.25
17.7,27.8,10.5,1012.7,69,1.6,3.7,14.8,246.0416667
16,26.5,9.3,1015.4,57,1.4,4.4,13,200.9166667
15,23.6,8.5,1014.6,55,1.4,7.4,22.2,99.5
13.9,24.1,5.5,1013.8,61,1.6,1.7,9.4,143.9166667
14.6,24,6.1,1014.4,59,1.3,2.2,7.6,100.25
16.4,23.4,9,1022.5,75,1.6,5.2,14.8,165
16.4,23.5,10.2,1021.6,63,1.8,11.1,25.9,116.4583333
17.5,23.4,11.6,1019.6,66,2.4,9.8,25.9,143
18.1,26.6,10,1013.9,60,1.6,3.3,18.3,231.125
19,28.2,10.1,1012.9,62,2.1,4.4,14.8,218.6666667
21.5,31.2,12.5,1010.5,59,1.8,1.5,5.4,211
22.5,31.6,17,1015.4,65,1.9,7.4,16.5,52.20833333
21.1,29.4,14.5,1012.8,64,2.6,11.3,25.9,187.5
22.3,29.8,15.4,1012.6,65,1.9,6.3,24.1,130.1666667
18.2,26.7,11.2,1014.8,64.3,1.7,4.8,14,68.91666667
21.7,30.7,14.9,1010.8,62,1.6,1.7,7.6,123.125
22.9,31,15.5,1009,58,2.3,3.9,14.8,120.9166667
24.1,32.3,16.6,1006.9,53,2.1,2,9.4,153.625
21.8,29.4,14.7,1012.3,53,2.6,7.6,22.2,130.3333333
22.6,31.6,13.3,1013.2,57,2.3,3.1,14.8,110.7083333
23.4,32.2,14.8,1013.1,52,1.8,3.5,11.1,138.5
25.9,35.6,17.1,1008.9,45,2.3,2.8,11.1,75.75
24.8,36.2,17,1007.1,47,2.7,1.9,9.4,146.5416667
25,34.1,17.2,1007.8,51,2.6,11.3,27.8,116.625
24.6,34.4,15,1012.9,44,2.3,4.4,14.8,80.04166667
26.1,35,16.5,1009.2,45,2.6,2.2,5.4,100.0416667
26.1,35,21,1007.8,53,2.6,5.6,14.8,109.4583333
25.7,32.3,18.5,1013.6,49,1.9,8.7,22.2,110.1666667
26.3,33.6,19.5,1011,44,2.6,9.1,22.2,108.2083333
27.1,36.8,17.3,1007.9,38,3.2,4.6,14.8,103.8333333
24.6,33.3,16.9,1010,49.5,2.4,5.8,15.5,60.41666667
26.9,36.2,20,1007.6,51,2.9,9.1,14.8,74.29166667
27.8,34.8,20,1008.6,52,2.7,6.1,11.1,101.7916667
27.6,36.2,20.8,1009,53,2.6,4.8,11.1,106.1666667
29.4,38.2,21.4,1007.2,49,2.6,2.6,5.4,89.875
27.9,36.6,19,1008.3,57,2.7,5.9,9.4,48.20833333
29.4,35.6,23,1008.8,51,2.3,9.1,18.3,47.04166667
25.2,36.3,20.2,1010.1,67,2.9,6.7,22.2,67.79166667
25.8,34.4,18.2,1008.3,38,2.3,3,14.8,56.66666667
28.1,36,18.2,1006.8,36,3.1,4.6,14.8,79
30.1,38,20.5,1006,39,2.7,3.1,11.1,123.5833333
31.1,39,23,1003,32,2.6,5,22.2,80.29166667
32.7,39.4,24,1002.6,26,1.9,12.4,33.5,137.875
29.2,39.5,24,1007.9,31,2.6,9.1,14.8,87.875
31.7,41.4,20.8,1002.3,26,2.6,5.6,18.3,121.2083333
33.2,41.6,25.5,1001.5,31,1.9,4.8,13,97.04166667
32.4,42,26.4,1004.7,48,3.1,7,9.4,92.08333333
29.7,37.8,22.3,1005.9,41.6,2.5,6.2,15.6,121.4583333
31.7,40,26.5,1003.4,52,2.7,10,14.8,130.625
28.8,37.6,20.2,1004.7,59,1.6,13.7,31.3,90.5
29.6,34.2,25,1005.8,52,1.9,10,14.8,55.41666667
31.2,38,24,1003.2,40,1.9,11.7,37,108.3333333
29.1,39.6,24.6,1004.3,43,1.8,7.4,22.2,198.875
28.3,35.2,22.4,1006.1,57,1.9,3.3,11.1,120.7083333
29.9,42.2,24.4,1003.5,56,1.8,12,31.3,60.54166667
30.2,35.6,24,1004.6,53,2.6,6.7,9.4,79
32.2,37.4,26.4,1002.2,54,2.7,5.2,16.5,133.7083333
33.1,41.2,26.4,1001.7,40,1.9,4.4,14.8,53.25
33.2,41.4,27,1002.8,33,2.6,3.1,14.8,65.16666667
34.1,41.2,25.5,1002.9,26,2.7,5.9,16.5,83.58333333
34.5,43,23.8,1000.1,25,2.7,6.5,22.2,40.66666667
34.5,44,24.5,998.9,27,1.9,4.4,18.3,48.125
36.1,45,26.3,998.1,24,2.7,8.7,25.9,103.1666667
32.8,40.6,25.4,1002.1,41.6,2.4,6.2,16.2,143.0416667
35.9,42,29.4,999.7,46,2.7,7,14.8,143.375
34.6,42.1,28.4,1000.7,50,2.6,12.8,33.5,44.79166667
32.3,42,26.6,1001.6,53,2.7,12,18.3,71.95833333
34,39.2,27.7,998.6,56,2.6,9.6,14.8,17.5
35.8,40.8,29.2,997,53,1.9,6.5,11.1,101
35.2,41.4,32,994.3,55,1.9,11.3,18.3,76.20833333
30.3,40.5,25.6,995.1,75,1.4,11.5,33.5,84.33333333
37.8,41.7,34,990.4,41,1.6,19.4,33.5,48.83333333
36.8,41.2,33,992.5,41,1.6,16.9,25.9,64.45833333
36.7,40.5,33.4,994.7,43,1.9,17.4,27.8,80.54166667
34.2,39.4,26.5,998.2,49,2.6,5.9,16.5,65.41666667
35.2,40.2,29.8,998.9,55,2.6,1.9,5.4,54.66666667
36.2,41.9,30.9,998.2,50,1.9,3.5,11.1,78.54166667
36.6,42.2,32.6,993.8,42,2.1,11.3,31.7,49.125
32.4,42.7,30.7,995.5,59,1.9,5.4,11.1,65.875
30.3,37.5,26.2,997.8,76,1.9,10.2,18.3,72.41666667
34.3,40.4,29.4,996.8,54.6,2.1,9.6,19.3,107.1666667
32.6,36.2,29,997.2,68,1.9,11.9,22.2,184.6666667
31.2,37.4,24.4,995.6,66,2.9,12,24.1,113.3333333
32.1,37.8,23.6,995.7,70,2.3,6.3,13,146.2083333
33.7,37.8,28.2,997,59,1.9,3.1,14.8,112.2916667
35.2,39.4,28.5,995.6,55,3.1,3.3,7.6,60.625
33.4,40.1,30.8,996.1,71,1.9,9.4,14.8,71
29.3,37.8,26.2,996.9,85,1.9,3.7,9.4,153.4166667
30.3,34.2,25.4,996.2,82,1.9,3.7,11.1,134.9583333
31.8,35.2,27.6,996.2,77,1.9,5.6,11.1,81.125
32.8,37.3,28.8,996.9,73,2.6,5.2,11.1,52.25
29.2,37.8,26,996.8,87,1.9,1.9,5.4,160.375
29.2,33.4,27,997.3,89,1.9,2.8,7.6,99.375
29.5,36.7,28,997.3,84,1.9,3.9,9.4,31.45833333
26.9,32.2,25.8,997.6,95,1.9,6.5,11.1,47.375
26.7,28.7,25.2,996.7,95,1.9,3.1,13,38.16666667
31.2,36.1,27.2,996.8,76,2.1,5.6,12.2,43.45833333
30,34.5,27.2,997,76,1.9,8.3,14.8,35.95833333
31.5,35,26,997,71,2.7,5,14.8,25.08333333
32.1,35.6,28.2,998.3,67,2.3,13,22.2,45.83333333
31.5,35.8,28.2,998.6,68,2.3,11.7,22.2,33.70833333
28.2,31.8,26.4,999.2,89,1.9,2.6,7.6,26.41666667
30.4,33.4,26.5,999.9,83,1.9,4.6,9.4,30.66666667
32,35.4,27.6,1001.8,73,2.3,4.6,14.8,29.95833333
30.4,33.2,27.6,997.1,78,1.9,1.7,7.6,23.875
30.8,34.4,27.4,997.6,80,2.3,4.3,9.4,22.33333333
31.1,35.3,28.4,999.9,73,2.6,5.6,14.8,25.08333333
28.5,36.3,26.6,998.4,91,1.9,0,,66.79166667
30,33.6,25.9,999.8,83,1.9,4.3,9.4,64.875
31.7,36.4,26.2,999.2,73,1.9,4.6,9.4,47.58333333
30.3,34.4,27,998.5,73,2.6,11.3,24.1,33.5
31,34.2,27,998,73,3.2,7.8,24.1,43.04166667
29.6,34.9,26.5,999.8,83,2.6,2.6,9.4,38.41666667
30.5,34.8,27.2,999,78.4,2.2,5.7,13,60
30.9,35.1,28,1000,76,2.3,4.8,11.1,49.29166667
27.1,34,23.5,1002.6,93,1.8,4.8,16.5,19.54166667
26.7,29.4,25,1002.3,92,1.9,4.6,11.1,22.83333333
26.7,29,25.6,1002.4,95,1.6,0.4,3.5,24.29166667
28.3,34.6,24.6,1003.2,86,2.1,1.7,9.4,74.66666667
28.7,34.1,25.5,1003.5,83,2.6,9.3,22.2,41.875
28.6,33.6,25,1005.2,80,3.1,8.1,11.1,50.58333333
30.3,33.6,26.5,1003.3,67,2.6,13,18.3,58.125
29.5,34.4,22.2,1005.7,70,3.4,7,14.8,57.29166667
30.6,34.6,25.5,1007.3,60,4,8.1,13,38.25
30,35.4,24,1005.2,66,2.7,2.8,7.6,56.91666667
28.3,35.7,23.8,1008,75,2.6,9.1,14.8,54.625
25.8,34,22.2,1008,91,1.9,10.9,18.3,42.875
28,33.2,22.6,1007.8,75,2.7,2.4,7.6,43.33333333
29.3,35.4,23.2,1008.3,63,2.6,2,11.1,41.875
28.9,35.5,23.4,1009.1,65,2.3,2.6,11.1,44.41666667
28.5,33.3,24.3,1005.3,77,2.5,6,15.5,49.5
28.2,34.8,22.2,1008.4,66,2.7,2.6,9.4,41.95833333
28.7,35.2,22.5,1008.8,63,2.6,0.4,3.5,127.7613589
28.8,35.6,22.5,1008.5,59,2.6,0.4,3.5,127.7613589
26.4,34.6,20.2,1010,63,2.3,1.9,7.6,45.75
27.5,34.8,20.1,1008.1,63,1.9,2,9.4,70.70833333
27.8,35.3,22.4,1007.4,66,1.9,3.7,9.4,51.79166667
23.8,32.4,16.6,1012.7,62,1.8,0,,127.7613589
24.2,31.8,17.3,1011.6,58,2.6,5.4,14.8,11.58333333
25.7,32.5,17,1012.1,58,2.6,3,9.4,13
27.1,34,17.8,1011,54,2.3,2.8,9.4,156.25
26,33.8,17.4,1013.8,52,2.4,2,7.6,156
24.8,32.9,17,,54,2.6,3.3,13,151.7916667
24.5,32.5,15,1014.8,58,2.4,2,7.6,252.625
24.2,32.4,15.8,1016.8,59,2.1,0.6,5.4,119.4166667
24.2,31,15.6,1016.7,62,1.9,2.4,9.4,126
26,33.5,18.5,1011.7,59.6,2.3,2.8,9.6,230.25
24.1,31,16,1015.3,63,1.6,2.2,10.7,232.3333333
24.1,31.1,16,1014.3,65,1.6,5,14.4,215.5416667
24.6,32,16,1012.1,63,1.6,4.1,7.6,239.4166667
25.2,31.6,18.5,1011.7,63,1.9,9.4,14.8,196.5416667
20.3,28,12.5,1015.7,44,3.1,8.3,18.3,232.5416667
18.6,27.8,10.5,1014.7,58,1.4,1.1,3.5,185.5
21.5,29,11,,59,1.4,2.4,,282.1666667
21.9,30.2,14.2,1009.6,74,1.3,4.1,9.4,257.6666667
22.2,29.4,17.6,1011.4,77,2.3,5.4,14.8,166.875
22.2,28.5,16.2,1015.2,67,2.4,4.8,9.4,135.1666667
19.3,27.9,10.4,1016.4,59,2.9,2,9.4,135.5833333
19.8,27.2,10.5,1016.3,64,2.1,0.7,5.4,152.0416667
20.8,28.2,10.7,1018,65,1.9,0.9,5.4,141.4166667
21.5,29.1,13.6,1014.8,61.4,2,5.2,13.8,127.7613589
19.6,26.4,10.8,,60,2.6,5.4,14.8,46.70833333
19.6,28,9,1014.6,56,2.4,2.4,11.1,91.75
18.9,28.1,8.6,1016.7,58,1.9,3.5,9.4,99.91666667
17.5,25.1,8.8,1015.7,67,1.9,4.8,22.2,119.7083333
16.5,24.2,7.6,1016.3,70,1.8,2.8,11.1,110.875
17.4,25,8.2,1014.9,66,1.8,1.1,7.6,200.3333333
16.4,21.6,11.2,,77,2.6,3.9,7.6,203.5833333
15.7,21.4,8,1022.8,74,1.9,5.9,14.8,25.08333333
15.3,22,8.2,1022.3,78,1.9,5.6,13,57.08333333
14.8,22.3,5.2,1018.9,67,2.1,4.6,11.1,349.2916667
12.3,22.4,4,1017.9,74,1.3,1.1,3.5,188.0416667
11.3,22.3,4.7,1017.7,82,1.1,3,3.5,310.25
12.3,19.4,6.2,1016.8,80,1.3,6.7,25.9,204.375
11.1,20.6,3.6,1015.7,76,1.3,3,9.4,223.25
11.6,21.4,3.4,1017.1,76,1.1,2.4,5.4,248.9583333
14.9,23.2,6.7,1018.1,72.6,1.5,3.5,11.3,334.875
12,22.9,3.8,1021.2,73,0.8,4.8,25.9,347.125
12.8,22.6,4,1020,75,1.3,2,9.4,332.1666667
13.8,23,6.5,1020.7,79,1.1,0.9,3.5,319.1666667
13.5,23.4,6.7,1021.3,83,0.6,7.2,22.2,320.7083333
13.2,20,7.1,1019.9,88,0.8,3.7,9.4,402.9166667
13.6,20.1,7,1017.5,85,0.8,6.9,14.8,340.7916667
13.5,20.4,8,1017.2,78,1.4,8.3,25.9,354.3333333
15.7,22.9,8.5,1019.6,82,1.3,3.1,3.5,347.625
13.3,23.5,8,1019.3,69,2.3,11.3,27.8,318.5833333
11.2,19.5,6,1018.7,80,1.6,7.2,14.8,326
14.8,25.4,5.7,1017.1,79,1.3,2,9.4,343.3333333
17.5,28.2,7,1015.5,79,1.3,2.2,3.5,345.8333333
16.4,28.7,11.5,1012.8,87,1.4,14.3,31.7,270.375
13.4,22,9.2,1020.2,87,1.8,4.1,7.6,266.4583333
12.2,19,6,1022.9,75,2.1,5.7,14.8,338.125
12.9,19.2,5.2,1022.9,73,1.9,16.3,38.9,269.7916667
13.7,21.7,6.8,1018.7,81.2,1.4,5.5,14.7,331.5416667
15.5,21,8.2,1017.6,78,1.9,8.3,18.3,350.875
16.3,22,11,1018.9,82,1.4,7.6,18.3,141.2083333
12.9,22.5,8.2,1018.8,92,0.8,10.2,22.2,146.625
13.8,20,9.4,1020.2,88,1.1,9.1,16.5,152.0416667
16.5,25.1,13.2,1012.4,96,1.6,16.9,46.9,150.5833333
14.9,20.4,7,1017.2,72,2.1,9.4,18.3,139.5
14.8,20.6,8.4,1019.5,71,2.6,11.3,18.3,151.0833333
19.3,25,11.4,1017.8,70,1.6,4.6,14.8,123.4583333
17.7,25.3,13.9,1015.2,88,1.4,11.3,33.5,140.7083333
17.6,23,11.8,1016.4,83,1.8,8.1,18.3,139.5416667
18.7,25.8,12,1014.3,78,1.9,5,14.8,124.5416667
18.3,24.5,14.5,1017.4,86,1.9,5,9.4,155.5
21.6,28,13.2,1015.9,72,2.9,9.4,16.5,141.4583333
16.2,23.8,9.2,1010.9,74,1.9,3.7,11.1,155.4166667
15.3,25.4,10.3,1011.2,80,1.9,5.6,14.8,144.5833333
14.3,21,9.5,1012.2,81,1.9,3.9,11.1,122.7916667
16.7,23.5,10.5,1016,77.6,1.9,8.1,19.4,143.5
16.3,23.4,6.8,1015.7,66,1.9,4.4,14.8,170.0416667
15.2,24.1,12.8,1016.3,91,1.1,5.4,14.8,170.5833333
17.1,22.4,12.8,1011.8,87,1.9,3.7,11.1,166.1666667
19.5,26,9,1012,55,2.7,5.7,16.5,141.625
20.4,26.5,10.8,1013.4,60,2.7,5,14.8,168.7083333
20.6,26.5,12.6,1014.1,59,3.4,7.8,14.8,164.375
19.7,27.4,13.6,,69,3.2,3.1,9.4,148.5
18.6,25,11.8,1016.7,71,2.6,7.6,18.3,49.33333333
20.2,26,10.4,1017.7,64,2.7,6.9,11.1,172.6666667
24.1,31,12.8,1009.6,58,2.6,3.3,7.6,149.2916667
26.9,34,15.5,1009.2,51,2.9,5,14.8,186.7083333
25.6,34.1,16.6,1012.3,44,2.7,3.7,7.6,186.0833333
24.4,32.1,17.6,1012,55,3.5,8.9,14.8,152.875
24.2,30.4,16.2,1013.7,57,3.2,10.7,24.1,177.0416667
25.1,31.4,15,1013.3,53,3.5,10.7,25.9,184
22.4,29.1,13.8,1012.6,58.2,2.8,7,16.1,166.5416667
28.8,39.2,21,1007.6,35,3.7,12.6,27.8,162.7916667
27.7,34.3,17.6,1008.5,41,3.9,12.4,22.2,134.9583333
27.6,35,16.2,1008.8,42,3.9,5,14.8,146.3333333
29.2,37,17.6,1008.1,41,3.5,9.1,18.3,154.5416667
30.8,37.8,22.4,1006.2,57,1.8,10.7,35.2,139.125
29.4,36,20.2,1006.5,52,2.6,5.9,18.3,178.5
30.2,37,20.4,1005.5,48,3.2,4.6,11.1,168.25
31.4,38,21.6,1007.8,42,3.7,12.8,25.9,117.5833333
32.2,38,21.8,1006.8,40,4.5,9.8,14.8,130.1666667
33.6,40,25.5,1006,36,3.7,9.4,18.3,150.0833333
27.5,32,18.2,1007.9,50,3.7,9.4,14.8,128.5833333
29.2,35,19.8,1005.2,46,3.4,5.7,14.8,156.4583333
31.1,37.2,20.6,1004,41,3.5,9.3,20.6,121.9583333
34.8,41,25.4,1003.3,26,2.9,11.7,22.2,170.25
34.8,42,23.4,1001.8,30,3.1,8.7,18.3,141.5
30.5,37.5,20.9,1006.7,44.8,3.4,8.3,19.2,143.6666667
34.4,43.7,24.4,999.7,39,2.6,5.4,13,170.375
33.5,41.3,25.8,1002.9,45,2.7,11.9,25.9,166.2083333
32.6,41,24,,46,3.2,7.6,55.4,170.5416667
33.5,41.2,21.8,1001.9,40,2.6,10.7,25.9,125
35.3,42,23.6,1001.2,38,2.7,11.5,24.1,155.9583333
36.1,42,26.4,1000.6,38,2.6,13.7,25.9,139.875
33.3,40,25.4,1003.9,52,1.9,8.9,31.7,122.875
30.8,40.2,20.8,1003.9,60,3.1,5.6,14.8,167.5
29.4,36,23,1004.5,72,2.3,8,18.3,108.25
33.7,40,25,1002.4,45,2.6,8,27.8,154.2916667
29.8,40.4,23.8,1003.8,60,3.2,11.1,25.9,138.3333333
32.5,37,24.5,1002.6,41,3.7,11.5,25.9,107.5
33.9,40.9,24.3,1002.8,40.9,3,9.7,23,169.5416667
36.6,43,24.6,998.9,30,4,9.1,18.3,163.625
38.2,45,26.8,,26,3.4,9.1,22.2,137.2916667
38.7,45,28.4,,27,3.1,7.6,13,159.5416667
37.6,44.8,27.6,998.3,40,3.1,7.8,13,146.125
37.3,43.5,30.8,998.4,44,2.7,9.4,18.3,150.5
35.9,42.5,29.4,998.8,47,2.7,11.9,18.3,89.33333333
35,43.9,26.4,1001.9,46,3.4,7,11.1,110.625
37.9,43,28,1000.5,36,3.1,6.7,16.5,118.4166667
37.4,44,27.2,996.8,34,2.7,5.6,18.3,134.0833333
37,41.6,29,997.8,38,3.2,9.8,18.3,111.4583333
37.6,44,29.2,997.1,29,3.4,11.3,24.1,132.375
37.9,43.7,27.8,997.7,28,2.9,14.4,37,135.25
32.2,37,24.2,1000.3,53,2.9,6.1,11.1,131.875
33.5,39,25.4,1000.9,50,3.5,6.7,13,156.5
35.1,39,28.2,1000.1,50,3.1,5.7,14.8,128.4166667
34.2,39,27.8,,60,3.1,5.2,11.1,124.7916667
35.8,41,29.6,997.5,52,2.7,6.7,18.3,121.6666667
35.3,41.1,28.6,996.1,49,2.4,8,18.3,136.7083333
35.7,41.7,27.9,998.4,44.1,3,9.3,18.7,144.2916667
36.8,42.2,30.6,996.3,45,3.1,7.6,14.8,118.9583333
34.9,41.6,30,996.8,53,2.6,6.5,11.1,166.125
34.9,38.4,30.6,997.5,58,1.9,8.1,11.1,53.625
32.1,37,27.6,,71,2.9,7.8,33.5,127.7916667
33.7,37,28.6,994.1,65,2.7,6.7,14.8,146.4166667
31.6,36.7,28.8,995,70,2.7,9.6,18.3,140.2916667
35.6,40,31.2,996.7,53,2.6,13.7,27.8,141.5
34.3,39.6,28.4,995.8,58,2.7,11.3,20.6,181.125
29.1,37.7,24,997.1,79,2.4,7.6,27.8,73.04166667
31.9,36,25,1000.9,69,2.7,5.4,9.4,113.5833333
30.7,37,26,1001,77,2.4,5.2,27.8,130.5416667
30.6,36.7,25.6,1000.6,78,2.7,6.3,14.8,140.3333333
28.7,37.8,25,998.2,81,2.4,7.2,16.5,128.7083333
28.6,32,26.2,996.7,86,2.1,7.6,14.8,129.9583333
28.7,32.5,25.4,997.6,88,1.9,8.9,16.5,134.75
31.8,36.9,27.3,997.7,70.9,2.5,8,17.8,152.125
31.9,35.1,27.8,999.5,73,3.2,6.7,13,131.375
32.9,37,27.8,998.5,68,3.2,7.8,13,80.5
30.9,36.9,28,998.2,76,2.6,6.9,18.3,77.20833333
30.1,34.6,27.4,997.9,81,2.1,7.6,18.3,105.9166667
30.9,35,25.6,995.1,77,2.4,7.2,14.8,90.33333333
33.5,38,27.5,998.2,69,3.7,8.7,18.3,97.875
31.5,37.9,28.4,997.4,73,3.4,15.4,27.8,107.375
30.4,35,26.6,1000.9,81,2.9,8.5,18.3,95.91666667
30.5,35.5,25.6,1000.7,83,2.3,4.3,9.4,87.33333333
30.6,35,24.8,1000.5,78,2.9,10,24.1,107.5833333
30.7,34,23.6,1003.7,70,2.7,6.1,14.8,113.2916667
31.4,35,25.6,1002.5,70,2.6,8.3,16.5,112.5833333
32,36,24.8,1002.1,69,2.9,8.1,18.3,122.7083333
29.3,34,26.4,1003.3,81,2.1,6.7,14.8,87.83333333
31.9,35,25.7,,71,2.9,9.1,18.3,85.70833333
32.9,36.4,27.4,1001.5,67,3.1,5.4,13,91.58333333
31.1,35.7,26.6,1000.1,75,2.7,7.7,16.1,112.75
33,36.7,29.2,998.8,68,2.6,5.9,11.1,106.875
29.9,37,26.4,1001.5,76,2.6,8,18.3,79.54166667
32.7,36.4,27.1,1000.8,69,2.7,4.3,11.1,62.04166667
33.1,36.6,27.8,,67,2.3,5.7,11.1,65.41666667
29.9,37.2,27.2,1000.1,83,1.9,5.9,11.1,83.625
31.9,35.5,26.4,1001,74,2.1,3.9,9.4,81.25
32.2,36,28.3,999.5,70,1.9,3.9,11.1,74.75
32.9,37.1,27.8,,69,2.7,6.5,9.4,79.20833333
32,35,28.8,1004.5,70,2.9,8.3,14.8,69.33333333
30.7,35.2,27.3,1003.8,78,2.3,5.4,10.7,75.70833333
29.1,35.1,25.1,1009.5,75,2.7,7.8,14.8,87.41666667
30.8,35,24.9,1007.5,68,3.1,6.7,13,81.25
28,35.3,24,1007.2,81,2.3,5.4,14.8,68.375
30.2,35,24.5,1011.6,68,2.9,7.2,13,78.625
29.7,35.1,25.8,,73,3.4,8.7,16.5,55.29166667
28.5,34,25.4,1010.3,76,3.1,9.1,14.8,66.25
30.7,35.5,26.4,1004.9,72.9,2.5,6.3,12.4,83.45833333
28.7,33,23.8,1008.3,74,2.9,6.7,11.1,214.8333333
29.2,33,23.4,,68,3.1,4.3,9.4,19.25
28.8,34.4,21.4,1010.9,68,2.4,5.2,14.8,21.375
27.7,32.9,22.4,1011.6,61,2.4,8.1,18.3,36
27.2,32,20.2,1011.5,58,3.5,6.7,14.8,190.0416667
27.5,34,20.3,1010.9,60,3.1,3.3,11.1,206.3333333
27.8,33.2,20.8,1012.2,61,2.3,3.3,9.4,209.0833333
27.6,34,20.6,1012.6,63,2.3,3.7,9.4,169.2916667
28.6,34,20.4,,61,2.3,2.8,7.6,190
27.3,34.7,19.8,1014.6,60,2.3,3.7,7.6,249.9166667
26,32.6,19,1014.2,54,2.3,5.6,14.8,201.9166667
24.7,32.5,17.2,1011.8,58,2.3,7.2,18.3,196.4166667
25.2,32.1,18.2,1012.4,61,1.8,3.9,11.1,237.5
24.9,30.9,17.6,1013.1,65,1.9,1.9,5.4,185.9166667
25.1,31.4,17.4,1012.7,57,1.8,6.9,14.8,192.875
26.9,32.9,19.8,1011.9,61.8,2.3,4.8,11.1,220.25
24.7,32,16.8,1011.8,63,1,3,9.4,210.9583333
25.4,32,17.1,1011.9,66,0.6,1.7,5.4,344.9583333
24.5,31.7,18.8,1013.8,70,0.6,5,14.8,347.3333333
23.4,29.5,18.7,1014.6,74,0.6,7.8,14.8,346.4166667
20.6,32.3,17,1011,80,1,5.6,13,355.0416667
21.9,30,15.6,1013.7,72,1.4,3.3,11.1,320
21.6,30.1,15.6,1013.9,63,1.6,5.4,11.1,316.6666667
20.3,28.2,13.4,1016,71,0.6,0.9,3.5,338.5
20.2,28.3,15.4,1016.6,81,0.5,2.6,7.6,333.9166667
21.2,27.6,16,1015.3,75,0.5,1.5,5.4,336.625
19,26.8,12.3,1014.2,71,1.9,4.1,11.1,334.5
19.1,28.2,11.4,1015.1,70,1.9,0.4,3.5,325.2916667
19.3,28.9,12.5,1016.9,72,1.3,0.7,5.4,353.9166667
20,26.8,13.7,1016.2,74,1.4,1.1,5.4,320.375
20.7,27.2,16.2,1015.5,70,1.9,4.3,9.4,316.5
20.4,27.9,14.5,1015.5,76,1.4,5.6,9.4,341.2083333
20.8,28.8,15,1014.7,71.6,1.4,4.6,10.4,327.7083333
15.7,23.2,9.4,1017.3,78,1.6,4.1,11.1,387.9583333
15.4,23.4,8,1017.8,72,1.8,5.6,14.8,308.3333333
15.4,24.3,9.1,1017.3,66,1.8,5.7,16.5,272.75
15.1,24.2,9.3,1019.1,85,1.3,0.6,25.9,368.7916667
15.3,24.8,8.7,1019,78,1,1.5,7.6,411.9583333
14.8,23.8,7.7,1018.3,76,1.1,1.9,7.6,448.1666667
15.2,21.5,12.4,1014.4,34,1,7.2,11.1,434.9166667
14.7,18.7,9.7,1020.3,88,1.4,3,5.4,377.2083333
14.2,19.2,9.8,1020,87,1.3,6.5,11.1,379.5416667
10.3,18,5.2,1018.8,94,0.3,3.1,7.6,453.5833333
12.1,17.4,6.4,1016.8,91,0.3,5.7,11.1,390.6666667
12.6,17.5,8.8,1017.9,90,0.6,5.7,9.4,412.2916667
8.4,17.2,6,1019.4,93,0.8,8.1,11.1,483.9583333
8.8,13,5.4,1018.6,85,0.6,4.6,7.6,436.9166667
8.6,13.6,4.2,1019.6,83,0.6,3.3,7.6,386.875
12.5,19.4,7.4,1018.8,84.4,0.2,4.4,12,477.75
8.1,14.7,4.8,1021,84,1,4.8,9.4,455.6666667
